CatID, ArrRow, ArrCol, PartRow, PartCol, DataFlowID,
0, 4, 4, 1, 32768, 0,
1, 4, 4, 1, 32768, 1,
2, 4, 4, 1, 32768, 2,
3, 4, 4, 2, 16384, 0,
4, 4, 4, 2, 16384, 1,
5, 4, 4, 2, 16384, 2,
6, 4, 4, 4, 8192, 0,
7, 4, 4, 4, 8192, 1,
8, 4, 4, 4, 8192, 2,
9, 4, 4, 8, 4096, 0,
10, 4, 4, 8, 4096, 1,
11, 4, 4, 8, 4096, 2,
12, 4, 4, 16, 2048, 0,
13, 4, 4, 16, 2048, 1,
14, 4, 4, 16, 2048, 2,
15, 4, 4, 32, 1024, 0,
16, 4, 4, 32, 1024, 1,
17, 4, 4, 32, 1024, 2,
18, 4, 4, 64, 512, 0,
19, 4, 4, 64, 512, 1,
20, 4, 4, 64, 512, 2,
21, 4, 4, 128, 256, 0,
22, 4, 4, 128, 256, 1,
23, 4, 4, 128, 256, 2,
24, 4, 4, 256, 128, 0,
25, 4, 4, 256, 128, 1,
26, 4, 4, 256, 128, 2,
27, 4, 4, 512, 64, 0,
28, 4, 4, 512, 64, 1,
29, 4, 4, 512, 64, 2,
30, 4, 4, 1024, 32, 0,
31, 4, 4, 1024, 32, 1,
32, 4, 4, 1024, 32, 2,
33, 4, 4, 2048, 16, 0,
34, 4, 4, 2048, 16, 1,
35, 4, 4, 2048, 16, 2,
36, 4, 4, 4096, 8, 0,
37, 4, 4, 4096, 8, 1,
38, 4, 4, 4096, 8, 2,
39, 4, 4, 8192, 4, 0,
40, 4, 4, 8192, 4, 1,
41, 4, 4, 8192, 4, 2,
42, 4, 4, 16384, 2, 0,
43, 4, 4, 16384, 2, 1,
44, 4, 4, 16384, 2, 2,
45, 4, 4, 32768, 1, 0,
46, 4, 4, 32768, 1, 1,
47, 4, 4, 32768, 1, 2,
48, 4, 8, 1, 16384, 0,
49, 4, 8, 1, 16384, 1,
50, 4, 8, 1, 16384, 2,
51, 8, 4, 1, 16384, 0,
52, 8, 4, 1, 16384, 1,
53, 8, 4, 1, 16384, 2,
54, 4, 8, 2, 8192, 0,
55, 4, 8, 2, 8192, 1,
56, 4, 8, 2, 8192, 2,
57, 8, 4, 2, 8192, 0,
58, 8, 4, 2, 8192, 1,
59, 8, 4, 2, 8192, 2,
60, 4, 8, 4, 4096, 0,
61, 4, 8, 4, 4096, 1,
62, 4, 8, 4, 4096, 2,
63, 8, 4, 4, 4096, 0,
64, 8, 4, 4, 4096, 1,
65, 8, 4, 4, 4096, 2,
66, 4, 8, 8, 2048, 0,
67, 4, 8, 8, 2048, 1,
68, 4, 8, 8, 2048, 2,
69, 8, 4, 8, 2048, 0,
70, 8, 4, 8, 2048, 1,
71, 8, 4, 8, 2048, 2,
72, 4, 8, 16, 1024, 0,
73, 4, 8, 16, 1024, 1,
74, 4, 8, 16, 1024, 2,
75, 8, 4, 16, 1024, 0,
76, 8, 4, 16, 1024, 1,
77, 8, 4, 16, 1024, 2,
78, 4, 8, 32, 512, 0,
79, 4, 8, 32, 512, 1,
80, 4, 8, 32, 512, 2,
81, 8, 4, 32, 512, 0,
82, 8, 4, 32, 512, 1,
83, 8, 4, 32, 512, 2,
84, 4, 8, 64, 256, 0,
85, 4, 8, 64, 256, 1,
86, 4, 8, 64, 256, 2,
87, 8, 4, 64, 256, 0,
88, 8, 4, 64, 256, 1,
89, 8, 4, 64, 256, 2,
90, 4, 8, 128, 128, 0,
91, 4, 8, 128, 128, 1,
92, 4, 8, 128, 128, 2,
93, 8, 4, 128, 128, 0,
94, 8, 4, 128, 128, 1,
95, 8, 4, 128, 128, 2,
96, 4, 8, 256, 64, 0,
97, 4, 8, 256, 64, 1,
98, 4, 8, 256, 64, 2,
99, 8, 4, 256, 64, 0,
100, 8, 4, 256, 64, 1,
101, 8, 4, 256, 64, 2,
102, 4, 8, 512, 32, 0,
103, 4, 8, 512, 32, 1,
104, 4, 8, 512, 32, 2,
105, 8, 4, 512, 32, 0,
106, 8, 4, 512, 32, 1,
107, 8, 4, 512, 32, 2,
108, 4, 8, 1024, 16, 0,
109, 4, 8, 1024, 16, 1,
110, 4, 8, 1024, 16, 2,
111, 8, 4, 1024, 16, 0,
112, 8, 4, 1024, 16, 1,
113, 8, 4, 1024, 16, 2,
114, 4, 8, 2048, 8, 0,
115, 4, 8, 2048, 8, 1,
116, 4, 8, 2048, 8, 2,
117, 8, 4, 2048, 8, 0,
118, 8, 4, 2048, 8, 1,
119, 8, 4, 2048, 8, 2,
120, 4, 8, 4096, 4, 0,
121, 4, 8, 4096, 4, 1,
122, 4, 8, 4096, 4, 2,
123, 8, 4, 4096, 4, 0,
124, 8, 4, 4096, 4, 1,
125, 8, 4, 4096, 4, 2,
126, 4, 8, 8192, 2, 0,
127, 4, 8, 8192, 2, 1,
128, 4, 8, 8192, 2, 2,
129, 8, 4, 8192, 2, 0,
130, 8, 4, 8192, 2, 1,
131, 8, 4, 8192, 2, 2,
132, 4, 8, 16384, 1, 0,
133, 4, 8, 16384, 1, 1,
134, 4, 8, 16384, 1, 2,
135, 8, 4, 16384, 1, 0,
136, 8, 4, 16384, 1, 1,
137, 8, 4, 16384, 1, 2,
138, 4, 16, 1, 8192, 0,
139, 4, 16, 1, 8192, 1,
140, 4, 16, 1, 8192, 2,
141, 8, 8, 1, 8192, 0,
142, 8, 8, 1, 8192, 1,
143, 8, 8, 1, 8192, 2,
144, 16, 4, 1, 8192, 0,
145, 16, 4, 1, 8192, 1,
146, 16, 4, 1, 8192, 2,
147, 4, 16, 2, 4096, 0,
148, 4, 16, 2, 4096, 1,
149, 4, 16, 2, 4096, 2,
150, 8, 8, 2, 4096, 0,
151, 8, 8, 2, 4096, 1,
152, 8, 8, 2, 4096, 2,
153, 16, 4, 2, 4096, 0,
154, 16, 4, 2, 4096, 1,
155, 16, 4, 2, 4096, 2,
156, 4, 16, 4, 2048, 0,
157, 4, 16, 4, 2048, 1,
158, 4, 16, 4, 2048, 2,
159, 8, 8, 4, 2048, 0,
160, 8, 8, 4, 2048, 1,
161, 8, 8, 4, 2048, 2,
162, 16, 4, 4, 2048, 0,
163, 16, 4, 4, 2048, 1,
164, 16, 4, 4, 2048, 2,
165, 4, 16, 8, 1024, 0,
166, 4, 16, 8, 1024, 1,
167, 4, 16, 8, 1024, 2,
168, 8, 8, 8, 1024, 0,
169, 8, 8, 8, 1024, 1,
170, 8, 8, 8, 1024, 2,
171, 16, 4, 8, 1024, 0,
172, 16, 4, 8, 1024, 1,
173, 16, 4, 8, 1024, 2,
174, 4, 16, 16, 512, 0,
175, 4, 16, 16, 512, 1,
176, 4, 16, 16, 512, 2,
177, 8, 8, 16, 512, 0,
178, 8, 8, 16, 512, 1,
179, 8, 8, 16, 512, 2,
180, 16, 4, 16, 512, 0,
181, 16, 4, 16, 512, 1,
182, 16, 4, 16, 512, 2,
183, 4, 16, 32, 256, 0,
184, 4, 16, 32, 256, 1,
185, 4, 16, 32, 256, 2,
186, 8, 8, 32, 256, 0,
187, 8, 8, 32, 256, 1,
188, 8, 8, 32, 256, 2,
189, 16, 4, 32, 256, 0,
190, 16, 4, 32, 256, 1,
191, 16, 4, 32, 256, 2,
192, 4, 16, 64, 128, 0,
193, 4, 16, 64, 128, 1,
194, 4, 16, 64, 128, 2,
195, 8, 8, 64, 128, 0,
196, 8, 8, 64, 128, 1,
197, 8, 8, 64, 128, 2,
198, 16, 4, 64, 128, 0,
199, 16, 4, 64, 128, 1,
200, 16, 4, 64, 128, 2,
201, 4, 16, 128, 64, 0,
202, 4, 16, 128, 64, 1,
203, 4, 16, 128, 64, 2,
204, 8, 8, 128, 64, 0,
205, 8, 8, 128, 64, 1,
206, 8, 8, 128, 64, 2,
207, 16, 4, 128, 64, 0,
208, 16, 4, 128, 64, 1,
209, 16, 4, 128, 64, 2,
210, 4, 16, 256, 32, 0,
211, 4, 16, 256, 32, 1,
212, 4, 16, 256, 32, 2,
213, 8, 8, 256, 32, 0,
214, 8, 8, 256, 32, 1,
215, 8, 8, 256, 32, 2,
216, 16, 4, 256, 32, 0,
217, 16, 4, 256, 32, 1,
218, 16, 4, 256, 32, 2,
219, 4, 16, 512, 16, 0,
220, 4, 16, 512, 16, 1,
221, 4, 16, 512, 16, 2,
222, 8, 8, 512, 16, 0,
223, 8, 8, 512, 16, 1,
224, 8, 8, 512, 16, 2,
225, 16, 4, 512, 16, 0,
226, 16, 4, 512, 16, 1,
227, 16, 4, 512, 16, 2,
228, 4, 16, 1024, 8, 0,
229, 4, 16, 1024, 8, 1,
230, 4, 16, 1024, 8, 2,
231, 8, 8, 1024, 8, 0,
232, 8, 8, 1024, 8, 1,
233, 8, 8, 1024, 8, 2,
234, 16, 4, 1024, 8, 0,
235, 16, 4, 1024, 8, 1,
236, 16, 4, 1024, 8, 2,
237, 4, 16, 2048, 4, 0,
238, 4, 16, 2048, 4, 1,
239, 4, 16, 2048, 4, 2,
240, 8, 8, 2048, 4, 0,
241, 8, 8, 2048, 4, 1,
242, 8, 8, 2048, 4, 2,
243, 16, 4, 2048, 4, 0,
244, 16, 4, 2048, 4, 1,
245, 16, 4, 2048, 4, 2,
246, 4, 16, 4096, 2, 0,
247, 4, 16, 4096, 2, 1,
248, 4, 16, 4096, 2, 2,
249, 8, 8, 4096, 2, 0,
250, 8, 8, 4096, 2, 1,
251, 8, 8, 4096, 2, 2,
252, 16, 4, 4096, 2, 0,
253, 16, 4, 4096, 2, 1,
254, 16, 4, 4096, 2, 2,
255, 4, 16, 8192, 1, 0,
256, 4, 16, 8192, 1, 1,
257, 4, 16, 8192, 1, 2,
258, 8, 8, 8192, 1, 0,
259, 8, 8, 8192, 1, 1,
260, 8, 8, 8192, 1, 2,
261, 16, 4, 8192, 1, 0,
262, 16, 4, 8192, 1, 1,
263, 16, 4, 8192, 1, 2,
264, 4, 32, 1, 4096, 0,
265, 4, 32, 1, 4096, 1,
266, 4, 32, 1, 4096, 2,
267, 8, 16, 1, 4096, 0,
268, 8, 16, 1, 4096, 1,
269, 8, 16, 1, 4096, 2,
270, 16, 8, 1, 4096, 0,
271, 16, 8, 1, 4096, 1,
272, 16, 8, 1, 4096, 2,
273, 32, 4, 1, 4096, 0,
274, 32, 4, 1, 4096, 1,
275, 32, 4, 1, 4096, 2,
276, 4, 32, 2, 2048, 0,
277, 4, 32, 2, 2048, 1,
278, 4, 32, 2, 2048, 2,
279, 8, 16, 2, 2048, 0,
280, 8, 16, 2, 2048, 1,
281, 8, 16, 2, 2048, 2,
282, 16, 8, 2, 2048, 0,
283, 16, 8, 2, 2048, 1,
284, 16, 8, 2, 2048, 2,
285, 32, 4, 2, 2048, 0,
286, 32, 4, 2, 2048, 1,
287, 32, 4, 2, 2048, 2,
288, 4, 32, 4, 1024, 0,
289, 4, 32, 4, 1024, 1,
290, 4, 32, 4, 1024, 2,
291, 8, 16, 4, 1024, 0,
292, 8, 16, 4, 1024, 1,
293, 8, 16, 4, 1024, 2,
294, 16, 8, 4, 1024, 0,
295, 16, 8, 4, 1024, 1,
296, 16, 8, 4, 1024, 2,
297, 32, 4, 4, 1024, 0,
298, 32, 4, 4, 1024, 1,
299, 32, 4, 4, 1024, 2,
300, 4, 32, 8, 512, 0,
301, 4, 32, 8, 512, 1,
302, 4, 32, 8, 512, 2,
303, 8, 16, 8, 512, 0,
304, 8, 16, 8, 512, 1,
305, 8, 16, 8, 512, 2,
306, 16, 8, 8, 512, 0,
307, 16, 8, 8, 512, 1,
308, 16, 8, 8, 512, 2,
309, 32, 4, 8, 512, 0,
310, 32, 4, 8, 512, 1,
311, 32, 4, 8, 512, 2,
312, 4, 32, 16, 256, 0,
313, 4, 32, 16, 256, 1,
314, 4, 32, 16, 256, 2,
315, 8, 16, 16, 256, 0,
316, 8, 16, 16, 256, 1,
317, 8, 16, 16, 256, 2,
318, 16, 8, 16, 256, 0,
319, 16, 8, 16, 256, 1,
320, 16, 8, 16, 256, 2,
321, 32, 4, 16, 256, 0,
322, 32, 4, 16, 256, 1,
323, 32, 4, 16, 256, 2,
324, 4, 32, 32, 128, 0,
325, 4, 32, 32, 128, 1,
326, 4, 32, 32, 128, 2,
327, 8, 16, 32, 128, 0,
328, 8, 16, 32, 128, 1,
329, 8, 16, 32, 128, 2,
330, 16, 8, 32, 128, 0,
331, 16, 8, 32, 128, 1,
332, 16, 8, 32, 128, 2,
333, 32, 4, 32, 128, 0,
334, 32, 4, 32, 128, 1,
335, 32, 4, 32, 128, 2,
336, 4, 32, 64, 64, 0,
337, 4, 32, 64, 64, 1,
338, 4, 32, 64, 64, 2,
339, 8, 16, 64, 64, 0,
340, 8, 16, 64, 64, 1,
341, 8, 16, 64, 64, 2,
342, 16, 8, 64, 64, 0,
343, 16, 8, 64, 64, 1,
344, 16, 8, 64, 64, 2,
345, 32, 4, 64, 64, 0,
346, 32, 4, 64, 64, 1,
347, 32, 4, 64, 64, 2,
348, 4, 32, 128, 32, 0,
349, 4, 32, 128, 32, 1,
350, 4, 32, 128, 32, 2,
351, 8, 16, 128, 32, 0,
352, 8, 16, 128, 32, 1,
353, 8, 16, 128, 32, 2,
354, 16, 8, 128, 32, 0,
355, 16, 8, 128, 32, 1,
356, 16, 8, 128, 32, 2,
357, 32, 4, 128, 32, 0,
358, 32, 4, 128, 32, 1,
359, 32, 4, 128, 32, 2,
360, 4, 32, 256, 16, 0,
361, 4, 32, 256, 16, 1,
362, 4, 32, 256, 16, 2,
363, 8, 16, 256, 16, 0,
364, 8, 16, 256, 16, 1,
365, 8, 16, 256, 16, 2,
366, 16, 8, 256, 16, 0,
367, 16, 8, 256, 16, 1,
368, 16, 8, 256, 16, 2,
369, 32, 4, 256, 16, 0,
370, 32, 4, 256, 16, 1,
371, 32, 4, 256, 16, 2,
372, 4, 32, 512, 8, 0,
373, 4, 32, 512, 8, 1,
374, 4, 32, 512, 8, 2,
375, 8, 16, 512, 8, 0,
376, 8, 16, 512, 8, 1,
377, 8, 16, 512, 8, 2,
378, 16, 8, 512, 8, 0,
379, 16, 8, 512, 8, 1,
380, 16, 8, 512, 8, 2,
381, 32, 4, 512, 8, 0,
382, 32, 4, 512, 8, 1,
383, 32, 4, 512, 8, 2,
384, 4, 32, 1024, 4, 0,
385, 4, 32, 1024, 4, 1,
386, 4, 32, 1024, 4, 2,
387, 8, 16, 1024, 4, 0,
388, 8, 16, 1024, 4, 1,
389, 8, 16, 1024, 4, 2,
390, 16, 8, 1024, 4, 0,
391, 16, 8, 1024, 4, 1,
392, 16, 8, 1024, 4, 2,
393, 32, 4, 1024, 4, 0,
394, 32, 4, 1024, 4, 1,
395, 32, 4, 1024, 4, 2,
396, 4, 32, 2048, 2, 0,
397, 4, 32, 2048, 2, 1,
398, 4, 32, 2048, 2, 2,
399, 8, 16, 2048, 2, 0,
400, 8, 16, 2048, 2, 1,
401, 8, 16, 2048, 2, 2,
402, 16, 8, 2048, 2, 0,
403, 16, 8, 2048, 2, 1,
404, 16, 8, 2048, 2, 2,
405, 32, 4, 2048, 2, 0,
406, 32, 4, 2048, 2, 1,
407, 32, 4, 2048, 2, 2,
408, 4, 32, 4096, 1, 0,
409, 4, 32, 4096, 1, 1,
410, 4, 32, 4096, 1, 2,
411, 8, 16, 4096, 1, 0,
412, 8, 16, 4096, 1, 1,
413, 8, 16, 4096, 1, 2,
414, 16, 8, 4096, 1, 0,
415, 16, 8, 4096, 1, 1,
416, 16, 8, 4096, 1, 2,
417, 32, 4, 4096, 1, 0,
418, 32, 4, 4096, 1, 1,
419, 32, 4, 4096, 1, 2,
420, 4, 64, 1, 2048, 0,
421, 4, 64, 1, 2048, 1,
422, 4, 64, 1, 2048, 2,
423, 8, 32, 1, 2048, 0,
424, 8, 32, 1, 2048, 1,
425, 8, 32, 1, 2048, 2,
426, 16, 16, 1, 2048, 0,
427, 16, 16, 1, 2048, 1,
428, 16, 16, 1, 2048, 2,
429, 32, 8, 1, 2048, 0,
430, 32, 8, 1, 2048, 1,
431, 32, 8, 1, 2048, 2,
432, 64, 4, 1, 2048, 0,
433, 64, 4, 1, 2048, 1,
434, 64, 4, 1, 2048, 2,
435, 4, 64, 2, 1024, 0,
436, 4, 64, 2, 1024, 1,
437, 4, 64, 2, 1024, 2,
438, 8, 32, 2, 1024, 0,
439, 8, 32, 2, 1024, 1,
440, 8, 32, 2, 1024, 2,
441, 16, 16, 2, 1024, 0,
442, 16, 16, 2, 1024, 1,
443, 16, 16, 2, 1024, 2,
444, 32, 8, 2, 1024, 0,
445, 32, 8, 2, 1024, 1,
446, 32, 8, 2, 1024, 2,
447, 64, 4, 2, 1024, 0,
448, 64, 4, 2, 1024, 1,
449, 64, 4, 2, 1024, 2,
450, 4, 64, 4, 512, 0,
451, 4, 64, 4, 512, 1,
452, 4, 64, 4, 512, 2,
453, 8, 32, 4, 512, 0,
454, 8, 32, 4, 512, 1,
455, 8, 32, 4, 512, 2,
456, 16, 16, 4, 512, 0,
457, 16, 16, 4, 512, 1,
458, 16, 16, 4, 512, 2,
459, 32, 8, 4, 512, 0,
460, 32, 8, 4, 512, 1,
461, 32, 8, 4, 512, 2,
462, 64, 4, 4, 512, 0,
463, 64, 4, 4, 512, 1,
464, 64, 4, 4, 512, 2,
465, 4, 64, 8, 256, 0,
466, 4, 64, 8, 256, 1,
467, 4, 64, 8, 256, 2,
468, 8, 32, 8, 256, 0,
469, 8, 32, 8, 256, 1,
470, 8, 32, 8, 256, 2,
471, 16, 16, 8, 256, 0,
472, 16, 16, 8, 256, 1,
473, 16, 16, 8, 256, 2,
474, 32, 8, 8, 256, 0,
475, 32, 8, 8, 256, 1,
476, 32, 8, 8, 256, 2,
477, 64, 4, 8, 256, 0,
478, 64, 4, 8, 256, 1,
479, 64, 4, 8, 256, 2,
480, 4, 64, 16, 128, 0,
481, 4, 64, 16, 128, 1,
482, 4, 64, 16, 128, 2,
483, 8, 32, 16, 128, 0,
484, 8, 32, 16, 128, 1,
485, 8, 32, 16, 128, 2,
486, 16, 16, 16, 128, 0,
487, 16, 16, 16, 128, 1,
488, 16, 16, 16, 128, 2,
489, 32, 8, 16, 128, 0,
490, 32, 8, 16, 128, 1,
491, 32, 8, 16, 128, 2,
492, 64, 4, 16, 128, 0,
493, 64, 4, 16, 128, 1,
494, 64, 4, 16, 128, 2,
495, 4, 64, 32, 64, 0,
496, 4, 64, 32, 64, 1,
497, 4, 64, 32, 64, 2,
498, 8, 32, 32, 64, 0,
499, 8, 32, 32, 64, 1,
500, 8, 32, 32, 64, 2,
501, 16, 16, 32, 64, 0,
502, 16, 16, 32, 64, 1,
503, 16, 16, 32, 64, 2,
504, 32, 8, 32, 64, 0,
505, 32, 8, 32, 64, 1,
506, 32, 8, 32, 64, 2,
507, 64, 4, 32, 64, 0,
508, 64, 4, 32, 64, 1,
509, 64, 4, 32, 64, 2,
510, 4, 64, 64, 32, 0,
511, 4, 64, 64, 32, 1,
512, 4, 64, 64, 32, 2,
513, 8, 32, 64, 32, 0,
514, 8, 32, 64, 32, 1,
515, 8, 32, 64, 32, 2,
516, 16, 16, 64, 32, 0,
517, 16, 16, 64, 32, 1,
518, 16, 16, 64, 32, 2,
519, 32, 8, 64, 32, 0,
520, 32, 8, 64, 32, 1,
521, 32, 8, 64, 32, 2,
522, 64, 4, 64, 32, 0,
523, 64, 4, 64, 32, 1,
524, 64, 4, 64, 32, 2,
525, 4, 64, 128, 16, 0,
526, 4, 64, 128, 16, 1,
527, 4, 64, 128, 16, 2,
528, 8, 32, 128, 16, 0,
529, 8, 32, 128, 16, 1,
530, 8, 32, 128, 16, 2,
531, 16, 16, 128, 16, 0,
532, 16, 16, 128, 16, 1,
533, 16, 16, 128, 16, 2,
534, 32, 8, 128, 16, 0,
535, 32, 8, 128, 16, 1,
536, 32, 8, 128, 16, 2,
537, 64, 4, 128, 16, 0,
538, 64, 4, 128, 16, 1,
539, 64, 4, 128, 16, 2,
540, 4, 64, 256, 8, 0,
541, 4, 64, 256, 8, 1,
542, 4, 64, 256, 8, 2,
543, 8, 32, 256, 8, 0,
544, 8, 32, 256, 8, 1,
545, 8, 32, 256, 8, 2,
546, 16, 16, 256, 8, 0,
547, 16, 16, 256, 8, 1,
548, 16, 16, 256, 8, 2,
549, 32, 8, 256, 8, 0,
550, 32, 8, 256, 8, 1,
551, 32, 8, 256, 8, 2,
552, 64, 4, 256, 8, 0,
553, 64, 4, 256, 8, 1,
554, 64, 4, 256, 8, 2,
555, 4, 64, 512, 4, 0,
556, 4, 64, 512, 4, 1,
557, 4, 64, 512, 4, 2,
558, 8, 32, 512, 4, 0,
559, 8, 32, 512, 4, 1,
560, 8, 32, 512, 4, 2,
561, 16, 16, 512, 4, 0,
562, 16, 16, 512, 4, 1,
563, 16, 16, 512, 4, 2,
564, 32, 8, 512, 4, 0,
565, 32, 8, 512, 4, 1,
566, 32, 8, 512, 4, 2,
567, 64, 4, 512, 4, 0,
568, 64, 4, 512, 4, 1,
569, 64, 4, 512, 4, 2,
570, 4, 64, 1024, 2, 0,
571, 4, 64, 1024, 2, 1,
572, 4, 64, 1024, 2, 2,
573, 8, 32, 1024, 2, 0,
574, 8, 32, 1024, 2, 1,
575, 8, 32, 1024, 2, 2,
576, 16, 16, 1024, 2, 0,
577, 16, 16, 1024, 2, 1,
578, 16, 16, 1024, 2, 2,
579, 32, 8, 1024, 2, 0,
580, 32, 8, 1024, 2, 1,
581, 32, 8, 1024, 2, 2,
582, 64, 4, 1024, 2, 0,
583, 64, 4, 1024, 2, 1,
584, 64, 4, 1024, 2, 2,
585, 4, 64, 2048, 1, 0,
586, 4, 64, 2048, 1, 1,
587, 4, 64, 2048, 1, 2,
588, 8, 32, 2048, 1, 0,
589, 8, 32, 2048, 1, 1,
590, 8, 32, 2048, 1, 2,
591, 16, 16, 2048, 1, 0,
592, 16, 16, 2048, 1, 1,
593, 16, 16, 2048, 1, 2,
594, 32, 8, 2048, 1, 0,
595, 32, 8, 2048, 1, 1,
596, 32, 8, 2048, 1, 2,
597, 64, 4, 2048, 1, 0,
598, 64, 4, 2048, 1, 1,
599, 64, 4, 2048, 1, 2,
600, 4, 128, 1, 1024, 0,
601, 4, 128, 1, 1024, 1,
602, 4, 128, 1, 1024, 2,
603, 8, 64, 1, 1024, 0,
604, 8, 64, 1, 1024, 1,
605, 8, 64, 1, 1024, 2,
606, 16, 32, 1, 1024, 0,
607, 16, 32, 1, 1024, 1,
608, 16, 32, 1, 1024, 2,
609, 32, 16, 1, 1024, 0,
610, 32, 16, 1, 1024, 1,
611, 32, 16, 1, 1024, 2,
612, 64, 8, 1, 1024, 0,
613, 64, 8, 1, 1024, 1,
614, 64, 8, 1, 1024, 2,
615, 128, 4, 1, 1024, 0,
616, 128, 4, 1, 1024, 1,
617, 128, 4, 1, 1024, 2,
618, 4, 128, 2, 512, 0,
619, 4, 128, 2, 512, 1,
620, 4, 128, 2, 512, 2,
621, 8, 64, 2, 512, 0,
622, 8, 64, 2, 512, 1,
623, 8, 64, 2, 512, 2,
624, 16, 32, 2, 512, 0,
625, 16, 32, 2, 512, 1,
626, 16, 32, 2, 512, 2,
627, 32, 16, 2, 512, 0,
628, 32, 16, 2, 512, 1,
629, 32, 16, 2, 512, 2,
630, 64, 8, 2, 512, 0,
631, 64, 8, 2, 512, 1,
632, 64, 8, 2, 512, 2,
633, 128, 4, 2, 512, 0,
634, 128, 4, 2, 512, 1,
635, 128, 4, 2, 512, 2,
636, 4, 128, 4, 256, 0,
637, 4, 128, 4, 256, 1,
638, 4, 128, 4, 256, 2,
639, 8, 64, 4, 256, 0,
640, 8, 64, 4, 256, 1,
641, 8, 64, 4, 256, 2,
642, 16, 32, 4, 256, 0,
643, 16, 32, 4, 256, 1,
644, 16, 32, 4, 256, 2,
645, 32, 16, 4, 256, 0,
646, 32, 16, 4, 256, 1,
647, 32, 16, 4, 256, 2,
648, 64, 8, 4, 256, 0,
649, 64, 8, 4, 256, 1,
650, 64, 8, 4, 256, 2,
651, 128, 4, 4, 256, 0,
652, 128, 4, 4, 256, 1,
653, 128, 4, 4, 256, 2,
654, 4, 128, 8, 128, 0,
655, 4, 128, 8, 128, 1,
656, 4, 128, 8, 128, 2,
657, 8, 64, 8, 128, 0,
658, 8, 64, 8, 128, 1,
659, 8, 64, 8, 128, 2,
660, 16, 32, 8, 128, 0,
661, 16, 32, 8, 128, 1,
662, 16, 32, 8, 128, 2,
663, 32, 16, 8, 128, 0,
664, 32, 16, 8, 128, 1,
665, 32, 16, 8, 128, 2,
666, 64, 8, 8, 128, 0,
667, 64, 8, 8, 128, 1,
668, 64, 8, 8, 128, 2,
669, 128, 4, 8, 128, 0,
670, 128, 4, 8, 128, 1,
671, 128, 4, 8, 128, 2,
672, 4, 128, 16, 64, 0,
673, 4, 128, 16, 64, 1,
674, 4, 128, 16, 64, 2,
675, 8, 64, 16, 64, 0,
676, 8, 64, 16, 64, 1,
677, 8, 64, 16, 64, 2,
678, 16, 32, 16, 64, 0,
679, 16, 32, 16, 64, 1,
680, 16, 32, 16, 64, 2,
681, 32, 16, 16, 64, 0,
682, 32, 16, 16, 64, 1,
683, 32, 16, 16, 64, 2,
684, 64, 8, 16, 64, 0,
685, 64, 8, 16, 64, 1,
686, 64, 8, 16, 64, 2,
687, 128, 4, 16, 64, 0,
688, 128, 4, 16, 64, 1,
689, 128, 4, 16, 64, 2,
690, 4, 128, 32, 32, 0,
691, 4, 128, 32, 32, 1,
692, 4, 128, 32, 32, 2,
693, 8, 64, 32, 32, 0,
694, 8, 64, 32, 32, 1,
695, 8, 64, 32, 32, 2,
696, 16, 32, 32, 32, 0,
697, 16, 32, 32, 32, 1,
698, 16, 32, 32, 32, 2,
699, 32, 16, 32, 32, 0,
700, 32, 16, 32, 32, 1,
701, 32, 16, 32, 32, 2,
702, 64, 8, 32, 32, 0,
703, 64, 8, 32, 32, 1,
704, 64, 8, 32, 32, 2,
705, 128, 4, 32, 32, 0,
706, 128, 4, 32, 32, 1,
707, 128, 4, 32, 32, 2,
708, 4, 128, 64, 16, 0,
709, 4, 128, 64, 16, 1,
710, 4, 128, 64, 16, 2,
711, 8, 64, 64, 16, 0,
712, 8, 64, 64, 16, 1,
713, 8, 64, 64, 16, 2,
714, 16, 32, 64, 16, 0,
715, 16, 32, 64, 16, 1,
716, 16, 32, 64, 16, 2,
717, 32, 16, 64, 16, 0,
718, 32, 16, 64, 16, 1,
719, 32, 16, 64, 16, 2,
720, 64, 8, 64, 16, 0,
721, 64, 8, 64, 16, 1,
722, 64, 8, 64, 16, 2,
723, 128, 4, 64, 16, 0,
724, 128, 4, 64, 16, 1,
725, 128, 4, 64, 16, 2,
726, 4, 128, 128, 8, 0,
727, 4, 128, 128, 8, 1,
728, 4, 128, 128, 8, 2,
729, 8, 64, 128, 8, 0,
730, 8, 64, 128, 8, 1,
731, 8, 64, 128, 8, 2,
732, 16, 32, 128, 8, 0,
733, 16, 32, 128, 8, 1,
734, 16, 32, 128, 8, 2,
735, 32, 16, 128, 8, 0,
736, 32, 16, 128, 8, 1,
737, 32, 16, 128, 8, 2,
738, 64, 8, 128, 8, 0,
739, 64, 8, 128, 8, 1,
740, 64, 8, 128, 8, 2,
741, 128, 4, 128, 8, 0,
742, 128, 4, 128, 8, 1,
743, 128, 4, 128, 8, 2,
744, 4, 128, 256, 4, 0,
745, 4, 128, 256, 4, 1,
746, 4, 128, 256, 4, 2,
747, 8, 64, 256, 4, 0,
748, 8, 64, 256, 4, 1,
749, 8, 64, 256, 4, 2,
750, 16, 32, 256, 4, 0,
751, 16, 32, 256, 4, 1,
752, 16, 32, 256, 4, 2,
753, 32, 16, 256, 4, 0,
754, 32, 16, 256, 4, 1,
755, 32, 16, 256, 4, 2,
756, 64, 8, 256, 4, 0,
757, 64, 8, 256, 4, 1,
758, 64, 8, 256, 4, 2,
759, 128, 4, 256, 4, 0,
760, 128, 4, 256, 4, 1,
761, 128, 4, 256, 4, 2,
762, 4, 128, 512, 2, 0,
763, 4, 128, 512, 2, 1,
764, 4, 128, 512, 2, 2,
765, 8, 64, 512, 2, 0,
766, 8, 64, 512, 2, 1,
767, 8, 64, 512, 2, 2,
768, 16, 32, 512, 2, 0,
769, 16, 32, 512, 2, 1,
770, 16, 32, 512, 2, 2,
771, 32, 16, 512, 2, 0,
772, 32, 16, 512, 2, 1,
773, 32, 16, 512, 2, 2,
774, 64, 8, 512, 2, 0,
775, 64, 8, 512, 2, 1,
776, 64, 8, 512, 2, 2,
777, 128, 4, 512, 2, 0,
778, 128, 4, 512, 2, 1,
779, 128, 4, 512, 2, 2,
780, 4, 128, 1024, 1, 0,
781, 4, 128, 1024, 1, 1,
782, 4, 128, 1024, 1, 2,
783, 8, 64, 1024, 1, 0,
784, 8, 64, 1024, 1, 1,
785, 8, 64, 1024, 1, 2,
786, 16, 32, 1024, 1, 0,
787, 16, 32, 1024, 1, 1,
788, 16, 32, 1024, 1, 2,
789, 32, 16, 1024, 1, 0,
790, 32, 16, 1024, 1, 1,
791, 32, 16, 1024, 1, 2,
792, 64, 8, 1024, 1, 0,
793, 64, 8, 1024, 1, 1,
794, 64, 8, 1024, 1, 2,
795, 128, 4, 1024, 1, 0,
796, 128, 4, 1024, 1, 1,
797, 128, 4, 1024, 1, 2,
798, 4, 256, 1, 512, 0,
799, 4, 256, 1, 512, 1,
800, 4, 256, 1, 512, 2,
801, 8, 128, 1, 512, 0,
802, 8, 128, 1, 512, 1,
803, 8, 128, 1, 512, 2,
804, 16, 64, 1, 512, 0,
805, 16, 64, 1, 512, 1,
806, 16, 64, 1, 512, 2,
807, 32, 32, 1, 512, 0,
808, 32, 32, 1, 512, 1,
809, 32, 32, 1, 512, 2,
810, 64, 16, 1, 512, 0,
811, 64, 16, 1, 512, 1,
812, 64, 16, 1, 512, 2,
813, 128, 8, 1, 512, 0,
814, 128, 8, 1, 512, 1,
815, 128, 8, 1, 512, 2,
816, 256, 4, 1, 512, 0,
817, 256, 4, 1, 512, 1,
818, 256, 4, 1, 512, 2,
819, 4, 256, 2, 256, 0,
820, 4, 256, 2, 256, 1,
821, 4, 256, 2, 256, 2,
822, 8, 128, 2, 256, 0,
823, 8, 128, 2, 256, 1,
824, 8, 128, 2, 256, 2,
825, 16, 64, 2, 256, 0,
826, 16, 64, 2, 256, 1,
827, 16, 64, 2, 256, 2,
828, 32, 32, 2, 256, 0,
829, 32, 32, 2, 256, 1,
830, 32, 32, 2, 256, 2,
831, 64, 16, 2, 256, 0,
832, 64, 16, 2, 256, 1,
833, 64, 16, 2, 256, 2,
834, 128, 8, 2, 256, 0,
835, 128, 8, 2, 256, 1,
836, 128, 8, 2, 256, 2,
837, 256, 4, 2, 256, 0,
838, 256, 4, 2, 256, 1,
839, 256, 4, 2, 256, 2,
840, 4, 256, 4, 128, 0,
841, 4, 256, 4, 128, 1,
842, 4, 256, 4, 128, 2,
843, 8, 128, 4, 128, 0,
844, 8, 128, 4, 128, 1,
845, 8, 128, 4, 128, 2,
846, 16, 64, 4, 128, 0,
847, 16, 64, 4, 128, 1,
848, 16, 64, 4, 128, 2,
849, 32, 32, 4, 128, 0,
850, 32, 32, 4, 128, 1,
851, 32, 32, 4, 128, 2,
852, 64, 16, 4, 128, 0,
853, 64, 16, 4, 128, 1,
854, 64, 16, 4, 128, 2,
855, 128, 8, 4, 128, 0,
856, 128, 8, 4, 128, 1,
857, 128, 8, 4, 128, 2,
858, 256, 4, 4, 128, 0,
859, 256, 4, 4, 128, 1,
860, 256, 4, 4, 128, 2,
861, 4, 256, 8, 64, 0,
862, 4, 256, 8, 64, 1,
863, 4, 256, 8, 64, 2,
864, 8, 128, 8, 64, 0,
865, 8, 128, 8, 64, 1,
866, 8, 128, 8, 64, 2,
867, 16, 64, 8, 64, 0,
868, 16, 64, 8, 64, 1,
869, 16, 64, 8, 64, 2,
870, 32, 32, 8, 64, 0,
871, 32, 32, 8, 64, 1,
872, 32, 32, 8, 64, 2,
873, 64, 16, 8, 64, 0,
874, 64, 16, 8, 64, 1,
875, 64, 16, 8, 64, 2,
876, 128, 8, 8, 64, 0,
877, 128, 8, 8, 64, 1,
878, 128, 8, 8, 64, 2,
879, 256, 4, 8, 64, 0,
880, 256, 4, 8, 64, 1,
881, 256, 4, 8, 64, 2,
882, 4, 256, 16, 32, 0,
883, 4, 256, 16, 32, 1,
884, 4, 256, 16, 32, 2,
885, 8, 128, 16, 32, 0,
886, 8, 128, 16, 32, 1,
887, 8, 128, 16, 32, 2,
888, 16, 64, 16, 32, 0,
889, 16, 64, 16, 32, 1,
890, 16, 64, 16, 32, 2,
891, 32, 32, 16, 32, 0,
892, 32, 32, 16, 32, 1,
893, 32, 32, 16, 32, 2,
894, 64, 16, 16, 32, 0,
895, 64, 16, 16, 32, 1,
896, 64, 16, 16, 32, 2,
897, 128, 8, 16, 32, 0,
898, 128, 8, 16, 32, 1,
899, 128, 8, 16, 32, 2,
900, 256, 4, 16, 32, 0,
901, 256, 4, 16, 32, 1,
902, 256, 4, 16, 32, 2,
903, 4, 256, 32, 16, 0,
904, 4, 256, 32, 16, 1,
905, 4, 256, 32, 16, 2,
906, 8, 128, 32, 16, 0,
907, 8, 128, 32, 16, 1,
908, 8, 128, 32, 16, 2,
909, 16, 64, 32, 16, 0,
910, 16, 64, 32, 16, 1,
911, 16, 64, 32, 16, 2,
912, 32, 32, 32, 16, 0,
913, 32, 32, 32, 16, 1,
914, 32, 32, 32, 16, 2,
915, 64, 16, 32, 16, 0,
916, 64, 16, 32, 16, 1,
917, 64, 16, 32, 16, 2,
918, 128, 8, 32, 16, 0,
919, 128, 8, 32, 16, 1,
920, 128, 8, 32, 16, 2,
921, 256, 4, 32, 16, 0,
922, 256, 4, 32, 16, 1,
923, 256, 4, 32, 16, 2,
924, 4, 256, 64, 8, 0,
925, 4, 256, 64, 8, 1,
926, 4, 256, 64, 8, 2,
927, 8, 128, 64, 8, 0,
928, 8, 128, 64, 8, 1,
929, 8, 128, 64, 8, 2,
930, 16, 64, 64, 8, 0,
931, 16, 64, 64, 8, 1,
932, 16, 64, 64, 8, 2,
933, 32, 32, 64, 8, 0,
934, 32, 32, 64, 8, 1,
935, 32, 32, 64, 8, 2,
936, 64, 16, 64, 8, 0,
937, 64, 16, 64, 8, 1,
938, 64, 16, 64, 8, 2,
939, 128, 8, 64, 8, 0,
940, 128, 8, 64, 8, 1,
941, 128, 8, 64, 8, 2,
942, 256, 4, 64, 8, 0,
943, 256, 4, 64, 8, 1,
944, 256, 4, 64, 8, 2,
945, 4, 256, 128, 4, 0,
946, 4, 256, 128, 4, 1,
947, 4, 256, 128, 4, 2,
948, 8, 128, 128, 4, 0,
949, 8, 128, 128, 4, 1,
950, 8, 128, 128, 4, 2,
951, 16, 64, 128, 4, 0,
952, 16, 64, 128, 4, 1,
953, 16, 64, 128, 4, 2,
954, 32, 32, 128, 4, 0,
955, 32, 32, 128, 4, 1,
956, 32, 32, 128, 4, 2,
957, 64, 16, 128, 4, 0,
958, 64, 16, 128, 4, 1,
959, 64, 16, 128, 4, 2,
960, 128, 8, 128, 4, 0,
961, 128, 8, 128, 4, 1,
962, 128, 8, 128, 4, 2,
963, 256, 4, 128, 4, 0,
964, 256, 4, 128, 4, 1,
965, 256, 4, 128, 4, 2,
966, 4, 256, 256, 2, 0,
967, 4, 256, 256, 2, 1,
968, 4, 256, 256, 2, 2,
969, 8, 128, 256, 2, 0,
970, 8, 128, 256, 2, 1,
971, 8, 128, 256, 2, 2,
972, 16, 64, 256, 2, 0,
973, 16, 64, 256, 2, 1,
974, 16, 64, 256, 2, 2,
975, 32, 32, 256, 2, 0,
976, 32, 32, 256, 2, 1,
977, 32, 32, 256, 2, 2,
978, 64, 16, 256, 2, 0,
979, 64, 16, 256, 2, 1,
980, 64, 16, 256, 2, 2,
981, 128, 8, 256, 2, 0,
982, 128, 8, 256, 2, 1,
983, 128, 8, 256, 2, 2,
984, 256, 4, 256, 2, 0,
985, 256, 4, 256, 2, 1,
986, 256, 4, 256, 2, 2,
987, 4, 256, 512, 1, 0,
988, 4, 256, 512, 1, 1,
989, 4, 256, 512, 1, 2,
990, 8, 128, 512, 1, 0,
991, 8, 128, 512, 1, 1,
992, 8, 128, 512, 1, 2,
993, 16, 64, 512, 1, 0,
994, 16, 64, 512, 1, 1,
995, 16, 64, 512, 1, 2,
996, 32, 32, 512, 1, 0,
997, 32, 32, 512, 1, 1,
998, 32, 32, 512, 1, 2,
999, 64, 16, 512, 1, 0,
1000, 64, 16, 512, 1, 1,
1001, 64, 16, 512, 1, 2,
1002, 128, 8, 512, 1, 0,
1003, 128, 8, 512, 1, 1,
1004, 128, 8, 512, 1, 2,
1005, 256, 4, 512, 1, 0,
1006, 256, 4, 512, 1, 1,
1007, 256, 4, 512, 1, 2,
1008, 4, 512, 1, 256, 0,
1009, 4, 512, 1, 256, 1,
1010, 4, 512, 1, 256, 2,
1011, 8, 256, 1, 256, 0,
1012, 8, 256, 1, 256, 1,
1013, 8, 256, 1, 256, 2,
1014, 16, 128, 1, 256, 0,
1015, 16, 128, 1, 256, 1,
1016, 16, 128, 1, 256, 2,
1017, 32, 64, 1, 256, 0,
1018, 32, 64, 1, 256, 1,
1019, 32, 64, 1, 256, 2,
1020, 64, 32, 1, 256, 0,
1021, 64, 32, 1, 256, 1,
1022, 64, 32, 1, 256, 2,
1023, 128, 16, 1, 256, 0,
1024, 128, 16, 1, 256, 1,
1025, 128, 16, 1, 256, 2,
1026, 256, 8, 1, 256, 0,
1027, 256, 8, 1, 256, 1,
1028, 256, 8, 1, 256, 2,
1029, 512, 4, 1, 256, 0,
1030, 512, 4, 1, 256, 1,
1031, 512, 4, 1, 256, 2,
1032, 4, 512, 2, 128, 0,
1033, 4, 512, 2, 128, 1,
1034, 4, 512, 2, 128, 2,
1035, 8, 256, 2, 128, 0,
1036, 8, 256, 2, 128, 1,
1037, 8, 256, 2, 128, 2,
1038, 16, 128, 2, 128, 0,
1039, 16, 128, 2, 128, 1,
1040, 16, 128, 2, 128, 2,
1041, 32, 64, 2, 128, 0,
1042, 32, 64, 2, 128, 1,
1043, 32, 64, 2, 128, 2,
1044, 64, 32, 2, 128, 0,
1045, 64, 32, 2, 128, 1,
1046, 64, 32, 2, 128, 2,
1047, 128, 16, 2, 128, 0,
1048, 128, 16, 2, 128, 1,
1049, 128, 16, 2, 128, 2,
1050, 256, 8, 2, 128, 0,
1051, 256, 8, 2, 128, 1,
1052, 256, 8, 2, 128, 2,
1053, 512, 4, 2, 128, 0,
1054, 512, 4, 2, 128, 1,
1055, 512, 4, 2, 128, 2,
1056, 4, 512, 4, 64, 0,
1057, 4, 512, 4, 64, 1,
1058, 4, 512, 4, 64, 2,
1059, 8, 256, 4, 64, 0,
1060, 8, 256, 4, 64, 1,
1061, 8, 256, 4, 64, 2,
1062, 16, 128, 4, 64, 0,
1063, 16, 128, 4, 64, 1,
1064, 16, 128, 4, 64, 2,
1065, 32, 64, 4, 64, 0,
1066, 32, 64, 4, 64, 1,
1067, 32, 64, 4, 64, 2,
1068, 64, 32, 4, 64, 0,
1069, 64, 32, 4, 64, 1,
1070, 64, 32, 4, 64, 2,
1071, 128, 16, 4, 64, 0,
1072, 128, 16, 4, 64, 1,
1073, 128, 16, 4, 64, 2,
1074, 256, 8, 4, 64, 0,
1075, 256, 8, 4, 64, 1,
1076, 256, 8, 4, 64, 2,
1077, 512, 4, 4, 64, 0,
1078, 512, 4, 4, 64, 1,
1079, 512, 4, 4, 64, 2,
1080, 4, 512, 8, 32, 0,
1081, 4, 512, 8, 32, 1,
1082, 4, 512, 8, 32, 2,
1083, 8, 256, 8, 32, 0,
1084, 8, 256, 8, 32, 1,
1085, 8, 256, 8, 32, 2,
1086, 16, 128, 8, 32, 0,
1087, 16, 128, 8, 32, 1,
1088, 16, 128, 8, 32, 2,
1089, 32, 64, 8, 32, 0,
1090, 32, 64, 8, 32, 1,
1091, 32, 64, 8, 32, 2,
1092, 64, 32, 8, 32, 0,
1093, 64, 32, 8, 32, 1,
1094, 64, 32, 8, 32, 2,
1095, 128, 16, 8, 32, 0,
1096, 128, 16, 8, 32, 1,
1097, 128, 16, 8, 32, 2,
1098, 256, 8, 8, 32, 0,
1099, 256, 8, 8, 32, 1,
1100, 256, 8, 8, 32, 2,
1101, 512, 4, 8, 32, 0,
1102, 512, 4, 8, 32, 1,
1103, 512, 4, 8, 32, 2,
1104, 4, 512, 16, 16, 0,
1105, 4, 512, 16, 16, 1,
1106, 4, 512, 16, 16, 2,
1107, 8, 256, 16, 16, 0,
1108, 8, 256, 16, 16, 1,
1109, 8, 256, 16, 16, 2,
1110, 16, 128, 16, 16, 0,
1111, 16, 128, 16, 16, 1,
1112, 16, 128, 16, 16, 2,
1113, 32, 64, 16, 16, 0,
1114, 32, 64, 16, 16, 1,
1115, 32, 64, 16, 16, 2,
1116, 64, 32, 16, 16, 0,
1117, 64, 32, 16, 16, 1,
1118, 64, 32, 16, 16, 2,
1119, 128, 16, 16, 16, 0,
1120, 128, 16, 16, 16, 1,
1121, 128, 16, 16, 16, 2,
1122, 256, 8, 16, 16, 0,
1123, 256, 8, 16, 16, 1,
1124, 256, 8, 16, 16, 2,
1125, 512, 4, 16, 16, 0,
1126, 512, 4, 16, 16, 1,
1127, 512, 4, 16, 16, 2,
1128, 4, 512, 32, 8, 0,
1129, 4, 512, 32, 8, 1,
1130, 4, 512, 32, 8, 2,
1131, 8, 256, 32, 8, 0,
1132, 8, 256, 32, 8, 1,
1133, 8, 256, 32, 8, 2,
1134, 16, 128, 32, 8, 0,
1135, 16, 128, 32, 8, 1,
1136, 16, 128, 32, 8, 2,
1137, 32, 64, 32, 8, 0,
1138, 32, 64, 32, 8, 1,
1139, 32, 64, 32, 8, 2,
1140, 64, 32, 32, 8, 0,
1141, 64, 32, 32, 8, 1,
1142, 64, 32, 32, 8, 2,
1143, 128, 16, 32, 8, 0,
1144, 128, 16, 32, 8, 1,
1145, 128, 16, 32, 8, 2,
1146, 256, 8, 32, 8, 0,
1147, 256, 8, 32, 8, 1,
1148, 256, 8, 32, 8, 2,
1149, 512, 4, 32, 8, 0,
1150, 512, 4, 32, 8, 1,
1151, 512, 4, 32, 8, 2,
1152, 4, 512, 64, 4, 0,
1153, 4, 512, 64, 4, 1,
1154, 4, 512, 64, 4, 2,
1155, 8, 256, 64, 4, 0,
1156, 8, 256, 64, 4, 1,
1157, 8, 256, 64, 4, 2,
1158, 16, 128, 64, 4, 0,
1159, 16, 128, 64, 4, 1,
1160, 16, 128, 64, 4, 2,
1161, 32, 64, 64, 4, 0,
1162, 32, 64, 64, 4, 1,
1163, 32, 64, 64, 4, 2,
1164, 64, 32, 64, 4, 0,
1165, 64, 32, 64, 4, 1,
1166, 64, 32, 64, 4, 2,
1167, 128, 16, 64, 4, 0,
1168, 128, 16, 64, 4, 1,
1169, 128, 16, 64, 4, 2,
1170, 256, 8, 64, 4, 0,
1171, 256, 8, 64, 4, 1,
1172, 256, 8, 64, 4, 2,
1173, 512, 4, 64, 4, 0,
1174, 512, 4, 64, 4, 1,
1175, 512, 4, 64, 4, 2,
1176, 4, 512, 128, 2, 0,
1177, 4, 512, 128, 2, 1,
1178, 4, 512, 128, 2, 2,
1179, 8, 256, 128, 2, 0,
1180, 8, 256, 128, 2, 1,
1181, 8, 256, 128, 2, 2,
1182, 16, 128, 128, 2, 0,
1183, 16, 128, 128, 2, 1,
1184, 16, 128, 128, 2, 2,
1185, 32, 64, 128, 2, 0,
1186, 32, 64, 128, 2, 1,
1187, 32, 64, 128, 2, 2,
1188, 64, 32, 128, 2, 0,
1189, 64, 32, 128, 2, 1,
1190, 64, 32, 128, 2, 2,
1191, 128, 16, 128, 2, 0,
1192, 128, 16, 128, 2, 1,
1193, 128, 16, 128, 2, 2,
1194, 256, 8, 128, 2, 0,
1195, 256, 8, 128, 2, 1,
1196, 256, 8, 128, 2, 2,
1197, 512, 4, 128, 2, 0,
1198, 512, 4, 128, 2, 1,
1199, 512, 4, 128, 2, 2,
1200, 4, 512, 256, 1, 0,
1201, 4, 512, 256, 1, 1,
1202, 4, 512, 256, 1, 2,
1203, 8, 256, 256, 1, 0,
1204, 8, 256, 256, 1, 1,
1205, 8, 256, 256, 1, 2,
1206, 16, 128, 256, 1, 0,
1207, 16, 128, 256, 1, 1,
1208, 16, 128, 256, 1, 2,
1209, 32, 64, 256, 1, 0,
1210, 32, 64, 256, 1, 1,
1211, 32, 64, 256, 1, 2,
1212, 64, 32, 256, 1, 0,
1213, 64, 32, 256, 1, 1,
1214, 64, 32, 256, 1, 2,
1215, 128, 16, 256, 1, 0,
1216, 128, 16, 256, 1, 1,
1217, 128, 16, 256, 1, 2,
1218, 256, 8, 256, 1, 0,
1219, 256, 8, 256, 1, 1,
1220, 256, 8, 256, 1, 2,
1221, 512, 4, 256, 1, 0,
1222, 512, 4, 256, 1, 1,
1223, 512, 4, 256, 1, 2,
1224, 4, 1024, 1, 128, 0,
1225, 4, 1024, 1, 128, 1,
1226, 4, 1024, 1, 128, 2,
1227, 8, 512, 1, 128, 0,
1228, 8, 512, 1, 128, 1,
1229, 8, 512, 1, 128, 2,
1230, 16, 256, 1, 128, 0,
1231, 16, 256, 1, 128, 1,
1232, 16, 256, 1, 128, 2,
1233, 32, 128, 1, 128, 0,
1234, 32, 128, 1, 128, 1,
1235, 32, 128, 1, 128, 2,
1236, 64, 64, 1, 128, 0,
1237, 64, 64, 1, 128, 1,
1238, 64, 64, 1, 128, 2,
1239, 128, 32, 1, 128, 0,
1240, 128, 32, 1, 128, 1,
1241, 128, 32, 1, 128, 2,
1242, 256, 16, 1, 128, 0,
1243, 256, 16, 1, 128, 1,
1244, 256, 16, 1, 128, 2,
1245, 512, 8, 1, 128, 0,
1246, 512, 8, 1, 128, 1,
1247, 512, 8, 1, 128, 2,
1248, 1024, 4, 1, 128, 0,
1249, 1024, 4, 1, 128, 1,
1250, 1024, 4, 1, 128, 2,
1251, 4, 1024, 2, 64, 0,
1252, 4, 1024, 2, 64, 1,
1253, 4, 1024, 2, 64, 2,
1254, 8, 512, 2, 64, 0,
1255, 8, 512, 2, 64, 1,
1256, 8, 512, 2, 64, 2,
1257, 16, 256, 2, 64, 0,
1258, 16, 256, 2, 64, 1,
1259, 16, 256, 2, 64, 2,
1260, 32, 128, 2, 64, 0,
1261, 32, 128, 2, 64, 1,
1262, 32, 128, 2, 64, 2,
1263, 64, 64, 2, 64, 0,
1264, 64, 64, 2, 64, 1,
1265, 64, 64, 2, 64, 2,
1266, 128, 32, 2, 64, 0,
1267, 128, 32, 2, 64, 1,
1268, 128, 32, 2, 64, 2,
1269, 256, 16, 2, 64, 0,
1270, 256, 16, 2, 64, 1,
1271, 256, 16, 2, 64, 2,
1272, 512, 8, 2, 64, 0,
1273, 512, 8, 2, 64, 1,
1274, 512, 8, 2, 64, 2,
1275, 1024, 4, 2, 64, 0,
1276, 1024, 4, 2, 64, 1,
1277, 1024, 4, 2, 64, 2,
1278, 4, 1024, 4, 32, 0,
1279, 4, 1024, 4, 32, 1,
1280, 4, 1024, 4, 32, 2,
1281, 8, 512, 4, 32, 0,
1282, 8, 512, 4, 32, 1,
1283, 8, 512, 4, 32, 2,
1284, 16, 256, 4, 32, 0,
1285, 16, 256, 4, 32, 1,
1286, 16, 256, 4, 32, 2,
1287, 32, 128, 4, 32, 0,
1288, 32, 128, 4, 32, 1,
1289, 32, 128, 4, 32, 2,
1290, 64, 64, 4, 32, 0,
1291, 64, 64, 4, 32, 1,
1292, 64, 64, 4, 32, 2,
1293, 128, 32, 4, 32, 0,
1294, 128, 32, 4, 32, 1,
1295, 128, 32, 4, 32, 2,
1296, 256, 16, 4, 32, 0,
1297, 256, 16, 4, 32, 1,
1298, 256, 16, 4, 32, 2,
1299, 512, 8, 4, 32, 0,
1300, 512, 8, 4, 32, 1,
1301, 512, 8, 4, 32, 2,
1302, 1024, 4, 4, 32, 0,
1303, 1024, 4, 4, 32, 1,
1304, 1024, 4, 4, 32, 2,
1305, 4, 1024, 8, 16, 0,
1306, 4, 1024, 8, 16, 1,
1307, 4, 1024, 8, 16, 2,
1308, 8, 512, 8, 16, 0,
1309, 8, 512, 8, 16, 1,
1310, 8, 512, 8, 16, 2,
1311, 16, 256, 8, 16, 0,
1312, 16, 256, 8, 16, 1,
1313, 16, 256, 8, 16, 2,
1314, 32, 128, 8, 16, 0,
1315, 32, 128, 8, 16, 1,
1316, 32, 128, 8, 16, 2,
1317, 64, 64, 8, 16, 0,
1318, 64, 64, 8, 16, 1,
1319, 64, 64, 8, 16, 2,
1320, 128, 32, 8, 16, 0,
1321, 128, 32, 8, 16, 1,
1322, 128, 32, 8, 16, 2,
1323, 256, 16, 8, 16, 0,
1324, 256, 16, 8, 16, 1,
1325, 256, 16, 8, 16, 2,
1326, 512, 8, 8, 16, 0,
1327, 512, 8, 8, 16, 1,
1328, 512, 8, 8, 16, 2,
1329, 1024, 4, 8, 16, 0,
1330, 1024, 4, 8, 16, 1,
1331, 1024, 4, 8, 16, 2,
1332, 4, 1024, 16, 8, 0,
1333, 4, 1024, 16, 8, 1,
1334, 4, 1024, 16, 8, 2,
1335, 8, 512, 16, 8, 0,
1336, 8, 512, 16, 8, 1,
1337, 8, 512, 16, 8, 2,
1338, 16, 256, 16, 8, 0,
1339, 16, 256, 16, 8, 1,
1340, 16, 256, 16, 8, 2,
1341, 32, 128, 16, 8, 0,
1342, 32, 128, 16, 8, 1,
1343, 32, 128, 16, 8, 2,
1344, 64, 64, 16, 8, 0,
1345, 64, 64, 16, 8, 1,
1346, 64, 64, 16, 8, 2,
1347, 128, 32, 16, 8, 0,
1348, 128, 32, 16, 8, 1,
1349, 128, 32, 16, 8, 2,
1350, 256, 16, 16, 8, 0,
1351, 256, 16, 16, 8, 1,
1352, 256, 16, 16, 8, 2,
1353, 512, 8, 16, 8, 0,
1354, 512, 8, 16, 8, 1,
1355, 512, 8, 16, 8, 2,
1356, 1024, 4, 16, 8, 0,
1357, 1024, 4, 16, 8, 1,
1358, 1024, 4, 16, 8, 2,
1359, 4, 1024, 32, 4, 0,
1360, 4, 1024, 32, 4, 1,
1361, 4, 1024, 32, 4, 2,
1362, 8, 512, 32, 4, 0,
1363, 8, 512, 32, 4, 1,
1364, 8, 512, 32, 4, 2,
1365, 16, 256, 32, 4, 0,
1366, 16, 256, 32, 4, 1,
1367, 16, 256, 32, 4, 2,
1368, 32, 128, 32, 4, 0,
1369, 32, 128, 32, 4, 1,
1370, 32, 128, 32, 4, 2,
1371, 64, 64, 32, 4, 0,
1372, 64, 64, 32, 4, 1,
1373, 64, 64, 32, 4, 2,
1374, 128, 32, 32, 4, 0,
1375, 128, 32, 32, 4, 1,
1376, 128, 32, 32, 4, 2,
1377, 256, 16, 32, 4, 0,
1378, 256, 16, 32, 4, 1,
1379, 256, 16, 32, 4, 2,
1380, 512, 8, 32, 4, 0,
1381, 512, 8, 32, 4, 1,
1382, 512, 8, 32, 4, 2,
1383, 1024, 4, 32, 4, 0,
1384, 1024, 4, 32, 4, 1,
1385, 1024, 4, 32, 4, 2,
1386, 4, 1024, 64, 2, 0,
1387, 4, 1024, 64, 2, 1,
1388, 4, 1024, 64, 2, 2,
1389, 8, 512, 64, 2, 0,
1390, 8, 512, 64, 2, 1,
1391, 8, 512, 64, 2, 2,
1392, 16, 256, 64, 2, 0,
1393, 16, 256, 64, 2, 1,
1394, 16, 256, 64, 2, 2,
1395, 32, 128, 64, 2, 0,
1396, 32, 128, 64, 2, 1,
1397, 32, 128, 64, 2, 2,
1398, 64, 64, 64, 2, 0,
1399, 64, 64, 64, 2, 1,
1400, 64, 64, 64, 2, 2,
1401, 128, 32, 64, 2, 0,
1402, 128, 32, 64, 2, 1,
1403, 128, 32, 64, 2, 2,
1404, 256, 16, 64, 2, 0,
1405, 256, 16, 64, 2, 1,
1406, 256, 16, 64, 2, 2,
1407, 512, 8, 64, 2, 0,
1408, 512, 8, 64, 2, 1,
1409, 512, 8, 64, 2, 2,
1410, 1024, 4, 64, 2, 0,
1411, 1024, 4, 64, 2, 1,
1412, 1024, 4, 64, 2, 2,
1413, 4, 1024, 128, 1, 0,
1414, 4, 1024, 128, 1, 1,
1415, 4, 1024, 128, 1, 2,
1416, 8, 512, 128, 1, 0,
1417, 8, 512, 128, 1, 1,
1418, 8, 512, 128, 1, 2,
1419, 16, 256, 128, 1, 0,
1420, 16, 256, 128, 1, 1,
1421, 16, 256, 128, 1, 2,
1422, 32, 128, 128, 1, 0,
1423, 32, 128, 128, 1, 1,
1424, 32, 128, 128, 1, 2,
1425, 64, 64, 128, 1, 0,
1426, 64, 64, 128, 1, 1,
1427, 64, 64, 128, 1, 2,
1428, 128, 32, 128, 1, 0,
1429, 128, 32, 128, 1, 1,
1430, 128, 32, 128, 1, 2,
1431, 256, 16, 128, 1, 0,
1432, 256, 16, 128, 1, 1,
1433, 256, 16, 128, 1, 2,
1434, 512, 8, 128, 1, 0,
1435, 512, 8, 128, 1, 1,
1436, 512, 8, 128, 1, 2,
1437, 1024, 4, 128, 1, 0,
1438, 1024, 4, 128, 1, 1,
1439, 1024, 4, 128, 1, 2,
1440, 4, 2048, 1, 64, 0,
1441, 4, 2048, 1, 64, 1,
1442, 4, 2048, 1, 64, 2,
1443, 8, 1024, 1, 64, 0,
1444, 8, 1024, 1, 64, 1,
1445, 8, 1024, 1, 64, 2,
1446, 16, 512, 1, 64, 0,
1447, 16, 512, 1, 64, 1,
1448, 16, 512, 1, 64, 2,
1449, 32, 256, 1, 64, 0,
1450, 32, 256, 1, 64, 1,
1451, 32, 256, 1, 64, 2,
1452, 64, 128, 1, 64, 0,
1453, 64, 128, 1, 64, 1,
1454, 64, 128, 1, 64, 2,
1455, 128, 64, 1, 64, 0,
1456, 128, 64, 1, 64, 1,
1457, 128, 64, 1, 64, 2,
1458, 256, 32, 1, 64, 0,
1459, 256, 32, 1, 64, 1,
1460, 256, 32, 1, 64, 2,
1461, 512, 16, 1, 64, 0,
1462, 512, 16, 1, 64, 1,
1463, 512, 16, 1, 64, 2,
1464, 1024, 8, 1, 64, 0,
1465, 1024, 8, 1, 64, 1,
1466, 1024, 8, 1, 64, 2,
1467, 2048, 4, 1, 64, 0,
1468, 2048, 4, 1, 64, 1,
1469, 2048, 4, 1, 64, 2,
1470, 4, 2048, 2, 32, 0,
1471, 4, 2048, 2, 32, 1,
1472, 4, 2048, 2, 32, 2,
1473, 8, 1024, 2, 32, 0,
1474, 8, 1024, 2, 32, 1,
1475, 8, 1024, 2, 32, 2,
1476, 16, 512, 2, 32, 0,
1477, 16, 512, 2, 32, 1,
1478, 16, 512, 2, 32, 2,
1479, 32, 256, 2, 32, 0,
1480, 32, 256, 2, 32, 1,
1481, 32, 256, 2, 32, 2,
1482, 64, 128, 2, 32, 0,
1483, 64, 128, 2, 32, 1,
1484, 64, 128, 2, 32, 2,
1485, 128, 64, 2, 32, 0,
1486, 128, 64, 2, 32, 1,
1487, 128, 64, 2, 32, 2,
1488, 256, 32, 2, 32, 0,
1489, 256, 32, 2, 32, 1,
1490, 256, 32, 2, 32, 2,
1491, 512, 16, 2, 32, 0,
1492, 512, 16, 2, 32, 1,
1493, 512, 16, 2, 32, 2,
1494, 1024, 8, 2, 32, 0,
1495, 1024, 8, 2, 32, 1,
1496, 1024, 8, 2, 32, 2,
1497, 2048, 4, 2, 32, 0,
1498, 2048, 4, 2, 32, 1,
1499, 2048, 4, 2, 32, 2,
1500, 4, 2048, 4, 16, 0,
1501, 4, 2048, 4, 16, 1,
1502, 4, 2048, 4, 16, 2,
1503, 8, 1024, 4, 16, 0,
1504, 8, 1024, 4, 16, 1,
1505, 8, 1024, 4, 16, 2,
1506, 16, 512, 4, 16, 0,
1507, 16, 512, 4, 16, 1,
1508, 16, 512, 4, 16, 2,
1509, 32, 256, 4, 16, 0,
1510, 32, 256, 4, 16, 1,
1511, 32, 256, 4, 16, 2,
1512, 64, 128, 4, 16, 0,
1513, 64, 128, 4, 16, 1,
1514, 64, 128, 4, 16, 2,
1515, 128, 64, 4, 16, 0,
1516, 128, 64, 4, 16, 1,
1517, 128, 64, 4, 16, 2,
1518, 256, 32, 4, 16, 0,
1519, 256, 32, 4, 16, 1,
1520, 256, 32, 4, 16, 2,
1521, 512, 16, 4, 16, 0,
1522, 512, 16, 4, 16, 1,
1523, 512, 16, 4, 16, 2,
1524, 1024, 8, 4, 16, 0,
1525, 1024, 8, 4, 16, 1,
1526, 1024, 8, 4, 16, 2,
1527, 2048, 4, 4, 16, 0,
1528, 2048, 4, 4, 16, 1,
1529, 2048, 4, 4, 16, 2,
1530, 4, 2048, 8, 8, 0,
1531, 4, 2048, 8, 8, 1,
1532, 4, 2048, 8, 8, 2,
1533, 8, 1024, 8, 8, 0,
1534, 8, 1024, 8, 8, 1,
1535, 8, 1024, 8, 8, 2,
1536, 16, 512, 8, 8, 0,
1537, 16, 512, 8, 8, 1,
1538, 16, 512, 8, 8, 2,
1539, 32, 256, 8, 8, 0,
1540, 32, 256, 8, 8, 1,
1541, 32, 256, 8, 8, 2,
1542, 64, 128, 8, 8, 0,
1543, 64, 128, 8, 8, 1,
1544, 64, 128, 8, 8, 2,
1545, 128, 64, 8, 8, 0,
1546, 128, 64, 8, 8, 1,
1547, 128, 64, 8, 8, 2,
1548, 256, 32, 8, 8, 0,
1549, 256, 32, 8, 8, 1,
1550, 256, 32, 8, 8, 2,
1551, 512, 16, 8, 8, 0,
1552, 512, 16, 8, 8, 1,
1553, 512, 16, 8, 8, 2,
1554, 1024, 8, 8, 8, 0,
1555, 1024, 8, 8, 8, 1,
1556, 1024, 8, 8, 8, 2,
1557, 2048, 4, 8, 8, 0,
1558, 2048, 4, 8, 8, 1,
1559, 2048, 4, 8, 8, 2,
1560, 4, 2048, 16, 4, 0,
1561, 4, 2048, 16, 4, 1,
1562, 4, 2048, 16, 4, 2,
1563, 8, 1024, 16, 4, 0,
1564, 8, 1024, 16, 4, 1,
1565, 8, 1024, 16, 4, 2,
1566, 16, 512, 16, 4, 0,
1567, 16, 512, 16, 4, 1,
1568, 16, 512, 16, 4, 2,
1569, 32, 256, 16, 4, 0,
1570, 32, 256, 16, 4, 1,
1571, 32, 256, 16, 4, 2,
1572, 64, 128, 16, 4, 0,
1573, 64, 128, 16, 4, 1,
1574, 64, 128, 16, 4, 2,
1575, 128, 64, 16, 4, 0,
1576, 128, 64, 16, 4, 1,
1577, 128, 64, 16, 4, 2,
1578, 256, 32, 16, 4, 0,
1579, 256, 32, 16, 4, 1,
1580, 256, 32, 16, 4, 2,
1581, 512, 16, 16, 4, 0,
1582, 512, 16, 16, 4, 1,
1583, 512, 16, 16, 4, 2,
1584, 1024, 8, 16, 4, 0,
1585, 1024, 8, 16, 4, 1,
1586, 1024, 8, 16, 4, 2,
1587, 2048, 4, 16, 4, 0,
1588, 2048, 4, 16, 4, 1,
1589, 2048, 4, 16, 4, 2,
1590, 4, 2048, 32, 2, 0,
1591, 4, 2048, 32, 2, 1,
1592, 4, 2048, 32, 2, 2,
1593, 8, 1024, 32, 2, 0,
1594, 8, 1024, 32, 2, 1,
1595, 8, 1024, 32, 2, 2,
1596, 16, 512, 32, 2, 0,
1597, 16, 512, 32, 2, 1,
1598, 16, 512, 32, 2, 2,
1599, 32, 256, 32, 2, 0,
1600, 32, 256, 32, 2, 1,
1601, 32, 256, 32, 2, 2,
1602, 64, 128, 32, 2, 0,
1603, 64, 128, 32, 2, 1,
1604, 64, 128, 32, 2, 2,
1605, 128, 64, 32, 2, 0,
1606, 128, 64, 32, 2, 1,
1607, 128, 64, 32, 2, 2,
1608, 256, 32, 32, 2, 0,
1609, 256, 32, 32, 2, 1,
1610, 256, 32, 32, 2, 2,
1611, 512, 16, 32, 2, 0,
1612, 512, 16, 32, 2, 1,
1613, 512, 16, 32, 2, 2,
1614, 1024, 8, 32, 2, 0,
1615, 1024, 8, 32, 2, 1,
1616, 1024, 8, 32, 2, 2,
1617, 2048, 4, 32, 2, 0,
1618, 2048, 4, 32, 2, 1,
1619, 2048, 4, 32, 2, 2,
1620, 4, 2048, 64, 1, 0,
1621, 4, 2048, 64, 1, 1,
1622, 4, 2048, 64, 1, 2,
1623, 8, 1024, 64, 1, 0,
1624, 8, 1024, 64, 1, 1,
1625, 8, 1024, 64, 1, 2,
1626, 16, 512, 64, 1, 0,
1627, 16, 512, 64, 1, 1,
1628, 16, 512, 64, 1, 2,
1629, 32, 256, 64, 1, 0,
1630, 32, 256, 64, 1, 1,
1631, 32, 256, 64, 1, 2,
1632, 64, 128, 64, 1, 0,
1633, 64, 128, 64, 1, 1,
1634, 64, 128, 64, 1, 2,
1635, 128, 64, 64, 1, 0,
1636, 128, 64, 64, 1, 1,
1637, 128, 64, 64, 1, 2,
1638, 256, 32, 64, 1, 0,
1639, 256, 32, 64, 1, 1,
1640, 256, 32, 64, 1, 2,
1641, 512, 16, 64, 1, 0,
1642, 512, 16, 64, 1, 1,
1643, 512, 16, 64, 1, 2,
1644, 1024, 8, 64, 1, 0,
1645, 1024, 8, 64, 1, 1,
1646, 1024, 8, 64, 1, 2,
1647, 2048, 4, 64, 1, 0,
1648, 2048, 4, 64, 1, 1,
1649, 2048, 4, 64, 1, 2,
1650, 4, 4096, 1, 32, 0,
1651, 4, 4096, 1, 32, 1,
1652, 4, 4096, 1, 32, 2,
1653, 8, 2048, 1, 32, 0,
1654, 8, 2048, 1, 32, 1,
1655, 8, 2048, 1, 32, 2,
1656, 16, 1024, 1, 32, 0,
1657, 16, 1024, 1, 32, 1,
1658, 16, 1024, 1, 32, 2,
1659, 32, 512, 1, 32, 0,
1660, 32, 512, 1, 32, 1,
1661, 32, 512, 1, 32, 2,
1662, 64, 256, 1, 32, 0,
1663, 64, 256, 1, 32, 1,
1664, 64, 256, 1, 32, 2,
1665, 128, 128, 1, 32, 0,
1666, 128, 128, 1, 32, 1,
1667, 128, 128, 1, 32, 2,
1668, 256, 64, 1, 32, 0,
1669, 256, 64, 1, 32, 1,
1670, 256, 64, 1, 32, 2,
1671, 512, 32, 1, 32, 0,
1672, 512, 32, 1, 32, 1,
1673, 512, 32, 1, 32, 2,
1674, 1024, 16, 1, 32, 0,
1675, 1024, 16, 1, 32, 1,
1676, 1024, 16, 1, 32, 2,
1677, 2048, 8, 1, 32, 0,
1678, 2048, 8, 1, 32, 1,
1679, 2048, 8, 1, 32, 2,
1680, 4096, 4, 1, 32, 0,
1681, 4096, 4, 1, 32, 1,
1682, 4096, 4, 1, 32, 2,
1683, 4, 4096, 2, 16, 0,
1684, 4, 4096, 2, 16, 1,
1685, 4, 4096, 2, 16, 2,
1686, 8, 2048, 2, 16, 0,
1687, 8, 2048, 2, 16, 1,
1688, 8, 2048, 2, 16, 2,
1689, 16, 1024, 2, 16, 0,
1690, 16, 1024, 2, 16, 1,
1691, 16, 1024, 2, 16, 2,
1692, 32, 512, 2, 16, 0,
1693, 32, 512, 2, 16, 1,
1694, 32, 512, 2, 16, 2,
1695, 64, 256, 2, 16, 0,
1696, 64, 256, 2, 16, 1,
1697, 64, 256, 2, 16, 2,
1698, 128, 128, 2, 16, 0,
1699, 128, 128, 2, 16, 1,
1700, 128, 128, 2, 16, 2,
1701, 256, 64, 2, 16, 0,
1702, 256, 64, 2, 16, 1,
1703, 256, 64, 2, 16, 2,
1704, 512, 32, 2, 16, 0,
1705, 512, 32, 2, 16, 1,
1706, 512, 32, 2, 16, 2,
1707, 1024, 16, 2, 16, 0,
1708, 1024, 16, 2, 16, 1,
1709, 1024, 16, 2, 16, 2,
1710, 2048, 8, 2, 16, 0,
1711, 2048, 8, 2, 16, 1,
1712, 2048, 8, 2, 16, 2,
1713, 4096, 4, 2, 16, 0,
1714, 4096, 4, 2, 16, 1,
1715, 4096, 4, 2, 16, 2,
1716, 4, 4096, 4, 8, 0,
1717, 4, 4096, 4, 8, 1,
1718, 4, 4096, 4, 8, 2,
1719, 8, 2048, 4, 8, 0,
1720, 8, 2048, 4, 8, 1,
1721, 8, 2048, 4, 8, 2,
1722, 16, 1024, 4, 8, 0,
1723, 16, 1024, 4, 8, 1,
1724, 16, 1024, 4, 8, 2,
1725, 32, 512, 4, 8, 0,
1726, 32, 512, 4, 8, 1,
1727, 32, 512, 4, 8, 2,
1728, 64, 256, 4, 8, 0,
1729, 64, 256, 4, 8, 1,
1730, 64, 256, 4, 8, 2,
1731, 128, 128, 4, 8, 0,
1732, 128, 128, 4, 8, 1,
1733, 128, 128, 4, 8, 2,
1734, 256, 64, 4, 8, 0,
1735, 256, 64, 4, 8, 1,
1736, 256, 64, 4, 8, 2,
1737, 512, 32, 4, 8, 0,
1738, 512, 32, 4, 8, 1,
1739, 512, 32, 4, 8, 2,
1740, 1024, 16, 4, 8, 0,
1741, 1024, 16, 4, 8, 1,
1742, 1024, 16, 4, 8, 2,
1743, 2048, 8, 4, 8, 0,
1744, 2048, 8, 4, 8, 1,
1745, 2048, 8, 4, 8, 2,
1746, 4096, 4, 4, 8, 0,
1747, 4096, 4, 4, 8, 1,
1748, 4096, 4, 4, 8, 2,
1749, 4, 4096, 8, 4, 0,
1750, 4, 4096, 8, 4, 1,
1751, 4, 4096, 8, 4, 2,
1752, 8, 2048, 8, 4, 0,
1753, 8, 2048, 8, 4, 1,
1754, 8, 2048, 8, 4, 2,
1755, 16, 1024, 8, 4, 0,
1756, 16, 1024, 8, 4, 1,
1757, 16, 1024, 8, 4, 2,
1758, 32, 512, 8, 4, 0,
1759, 32, 512, 8, 4, 1,
1760, 32, 512, 8, 4, 2,
1761, 64, 256, 8, 4, 0,
1762, 64, 256, 8, 4, 1,
1763, 64, 256, 8, 4, 2,
1764, 128, 128, 8, 4, 0,
1765, 128, 128, 8, 4, 1,
1766, 128, 128, 8, 4, 2,
1767, 256, 64, 8, 4, 0,
1768, 256, 64, 8, 4, 1,
1769, 256, 64, 8, 4, 2,
1770, 512, 32, 8, 4, 0,
1771, 512, 32, 8, 4, 1,
1772, 512, 32, 8, 4, 2,
1773, 1024, 16, 8, 4, 0,
1774, 1024, 16, 8, 4, 1,
1775, 1024, 16, 8, 4, 2,
1776, 2048, 8, 8, 4, 0,
1777, 2048, 8, 8, 4, 1,
1778, 2048, 8, 8, 4, 2,
1779, 4096, 4, 8, 4, 0,
1780, 4096, 4, 8, 4, 1,
1781, 4096, 4, 8, 4, 2,
1782, 4, 4096, 16, 2, 0,
1783, 4, 4096, 16, 2, 1,
1784, 4, 4096, 16, 2, 2,
1785, 8, 2048, 16, 2, 0,
1786, 8, 2048, 16, 2, 1,
1787, 8, 2048, 16, 2, 2,
1788, 16, 1024, 16, 2, 0,
1789, 16, 1024, 16, 2, 1,
1790, 16, 1024, 16, 2, 2,
1791, 32, 512, 16, 2, 0,
1792, 32, 512, 16, 2, 1,
1793, 32, 512, 16, 2, 2,
1794, 64, 256, 16, 2, 0,
1795, 64, 256, 16, 2, 1,
1796, 64, 256, 16, 2, 2,
1797, 128, 128, 16, 2, 0,
1798, 128, 128, 16, 2, 1,
1799, 128, 128, 16, 2, 2,
1800, 256, 64, 16, 2, 0,
1801, 256, 64, 16, 2, 1,
1802, 256, 64, 16, 2, 2,
1803, 512, 32, 16, 2, 0,
1804, 512, 32, 16, 2, 1,
1805, 512, 32, 16, 2, 2,
1806, 1024, 16, 16, 2, 0,
1807, 1024, 16, 16, 2, 1,
1808, 1024, 16, 16, 2, 2,
1809, 2048, 8, 16, 2, 0,
1810, 2048, 8, 16, 2, 1,
1811, 2048, 8, 16, 2, 2,
1812, 4096, 4, 16, 2, 0,
1813, 4096, 4, 16, 2, 1,
1814, 4096, 4, 16, 2, 2,
1815, 4, 4096, 32, 1, 0,
1816, 4, 4096, 32, 1, 1,
1817, 4, 4096, 32, 1, 2,
1818, 8, 2048, 32, 1, 0,
1819, 8, 2048, 32, 1, 1,
1820, 8, 2048, 32, 1, 2,
1821, 16, 1024, 32, 1, 0,
1822, 16, 1024, 32, 1, 1,
1823, 16, 1024, 32, 1, 2,
1824, 32, 512, 32, 1, 0,
1825, 32, 512, 32, 1, 1,
1826, 32, 512, 32, 1, 2,
1827, 64, 256, 32, 1, 0,
1828, 64, 256, 32, 1, 1,
1829, 64, 256, 32, 1, 2,
1830, 128, 128, 32, 1, 0,
1831, 128, 128, 32, 1, 1,
1832, 128, 128, 32, 1, 2,
1833, 256, 64, 32, 1, 0,
1834, 256, 64, 32, 1, 1,
1835, 256, 64, 32, 1, 2,
1836, 512, 32, 32, 1, 0,
1837, 512, 32, 32, 1, 1,
1838, 512, 32, 32, 1, 2,
1839, 1024, 16, 32, 1, 0,
1840, 1024, 16, 32, 1, 1,
1841, 1024, 16, 32, 1, 2,
1842, 2048, 8, 32, 1, 0,
1843, 2048, 8, 32, 1, 1,
1844, 2048, 8, 32, 1, 2,
1845, 4096, 4, 32, 1, 0,
1846, 4096, 4, 32, 1, 1,
1847, 4096, 4, 32, 1, 2,
1848, 4, 8192, 1, 16, 0,
1849, 4, 8192, 1, 16, 1,
1850, 4, 8192, 1, 16, 2,
1851, 8, 4096, 1, 16, 0,
1852, 8, 4096, 1, 16, 1,
1853, 8, 4096, 1, 16, 2,
1854, 16, 2048, 1, 16, 0,
1855, 16, 2048, 1, 16, 1,
1856, 16, 2048, 1, 16, 2,
1857, 32, 1024, 1, 16, 0,
1858, 32, 1024, 1, 16, 1,
1859, 32, 1024, 1, 16, 2,
1860, 64, 512, 1, 16, 0,
1861, 64, 512, 1, 16, 1,
1862, 64, 512, 1, 16, 2,
1863, 128, 256, 1, 16, 0,
1864, 128, 256, 1, 16, 1,
1865, 128, 256, 1, 16, 2,
1866, 256, 128, 1, 16, 0,
1867, 256, 128, 1, 16, 1,
1868, 256, 128, 1, 16, 2,
1869, 512, 64, 1, 16, 0,
1870, 512, 64, 1, 16, 1,
1871, 512, 64, 1, 16, 2,
1872, 1024, 32, 1, 16, 0,
1873, 1024, 32, 1, 16, 1,
1874, 1024, 32, 1, 16, 2,
1875, 2048, 16, 1, 16, 0,
1876, 2048, 16, 1, 16, 1,
1877, 2048, 16, 1, 16, 2,
1878, 4096, 8, 1, 16, 0,
1879, 4096, 8, 1, 16, 1,
1880, 4096, 8, 1, 16, 2,
1881, 8192, 4, 1, 16, 0,
1882, 8192, 4, 1, 16, 1,
1883, 8192, 4, 1, 16, 2,
1884, 4, 8192, 2, 8, 0,
1885, 4, 8192, 2, 8, 1,
1886, 4, 8192, 2, 8, 2,
1887, 8, 4096, 2, 8, 0,
1888, 8, 4096, 2, 8, 1,
1889, 8, 4096, 2, 8, 2,
1890, 16, 2048, 2, 8, 0,
1891, 16, 2048, 2, 8, 1,
1892, 16, 2048, 2, 8, 2,
1893, 32, 1024, 2, 8, 0,
1894, 32, 1024, 2, 8, 1,
1895, 32, 1024, 2, 8, 2,
1896, 64, 512, 2, 8, 0,
1897, 64, 512, 2, 8, 1,
1898, 64, 512, 2, 8, 2,
1899, 128, 256, 2, 8, 0,
1900, 128, 256, 2, 8, 1,
1901, 128, 256, 2, 8, 2,
1902, 256, 128, 2, 8, 0,
1903, 256, 128, 2, 8, 1,
1904, 256, 128, 2, 8, 2,
1905, 512, 64, 2, 8, 0,
1906, 512, 64, 2, 8, 1,
1907, 512, 64, 2, 8, 2,
1908, 1024, 32, 2, 8, 0,
1909, 1024, 32, 2, 8, 1,
1910, 1024, 32, 2, 8, 2,
1911, 2048, 16, 2, 8, 0,
1912, 2048, 16, 2, 8, 1,
1913, 2048, 16, 2, 8, 2,
1914, 4096, 8, 2, 8, 0,
1915, 4096, 8, 2, 8, 1,
1916, 4096, 8, 2, 8, 2,
1917, 8192, 4, 2, 8, 0,
1918, 8192, 4, 2, 8, 1,
1919, 8192, 4, 2, 8, 2,
1920, 4, 8192, 4, 4, 0,
1921, 4, 8192, 4, 4, 1,
1922, 4, 8192, 4, 4, 2,
1923, 8, 4096, 4, 4, 0,
1924, 8, 4096, 4, 4, 1,
1925, 8, 4096, 4, 4, 2,
1926, 16, 2048, 4, 4, 0,
1927, 16, 2048, 4, 4, 1,
1928, 16, 2048, 4, 4, 2,
1929, 32, 1024, 4, 4, 0,
1930, 32, 1024, 4, 4, 1,
1931, 32, 1024, 4, 4, 2,
1932, 64, 512, 4, 4, 0,
1933, 64, 512, 4, 4, 1,
1934, 64, 512, 4, 4, 2,
1935, 128, 256, 4, 4, 0,
1936, 128, 256, 4, 4, 1,
1937, 128, 256, 4, 4, 2,
1938, 256, 128, 4, 4, 0,
1939, 256, 128, 4, 4, 1,
1940, 256, 128, 4, 4, 2,
1941, 512, 64, 4, 4, 0,
1942, 512, 64, 4, 4, 1,
1943, 512, 64, 4, 4, 2,
1944, 1024, 32, 4, 4, 0,
1945, 1024, 32, 4, 4, 1,
1946, 1024, 32, 4, 4, 2,
1947, 2048, 16, 4, 4, 0,
1948, 2048, 16, 4, 4, 1,
1949, 2048, 16, 4, 4, 2,
1950, 4096, 8, 4, 4, 0,
1951, 4096, 8, 4, 4, 1,
1952, 4096, 8, 4, 4, 2,
1953, 8192, 4, 4, 4, 0,
1954, 8192, 4, 4, 4, 1,
1955, 8192, 4, 4, 4, 2,
1956, 4, 8192, 8, 2, 0,
1957, 4, 8192, 8, 2, 1,
1958, 4, 8192, 8, 2, 2,
1959, 8, 4096, 8, 2, 0,
1960, 8, 4096, 8, 2, 1,
1961, 8, 4096, 8, 2, 2,
1962, 16, 2048, 8, 2, 0,
1963, 16, 2048, 8, 2, 1,
1964, 16, 2048, 8, 2, 2,
1965, 32, 1024, 8, 2, 0,
1966, 32, 1024, 8, 2, 1,
1967, 32, 1024, 8, 2, 2,
1968, 64, 512, 8, 2, 0,
1969, 64, 512, 8, 2, 1,
1970, 64, 512, 8, 2, 2,
1971, 128, 256, 8, 2, 0,
1972, 128, 256, 8, 2, 1,
1973, 128, 256, 8, 2, 2,
1974, 256, 128, 8, 2, 0,
1975, 256, 128, 8, 2, 1,
1976, 256, 128, 8, 2, 2,
1977, 512, 64, 8, 2, 0,
1978, 512, 64, 8, 2, 1,
1979, 512, 64, 8, 2, 2,
1980, 1024, 32, 8, 2, 0,
1981, 1024, 32, 8, 2, 1,
1982, 1024, 32, 8, 2, 2,
1983, 2048, 16, 8, 2, 0,
1984, 2048, 16, 8, 2, 1,
1985, 2048, 16, 8, 2, 2,
1986, 4096, 8, 8, 2, 0,
1987, 4096, 8, 8, 2, 1,
1988, 4096, 8, 8, 2, 2,
1989, 8192, 4, 8, 2, 0,
1990, 8192, 4, 8, 2, 1,
1991, 8192, 4, 8, 2, 2,
1992, 4, 8192, 16, 1, 0,
1993, 4, 8192, 16, 1, 1,
1994, 4, 8192, 16, 1, 2,
1995, 8, 4096, 16, 1, 0,
1996, 8, 4096, 16, 1, 1,
1997, 8, 4096, 16, 1, 2,
1998, 16, 2048, 16, 1, 0,
1999, 16, 2048, 16, 1, 1,
2000, 16, 2048, 16, 1, 2,
2001, 32, 1024, 16, 1, 0,
2002, 32, 1024, 16, 1, 1,
2003, 32, 1024, 16, 1, 2,
2004, 64, 512, 16, 1, 0,
2005, 64, 512, 16, 1, 1,
2006, 64, 512, 16, 1, 2,
2007, 128, 256, 16, 1, 0,
2008, 128, 256, 16, 1, 1,
2009, 128, 256, 16, 1, 2,
2010, 256, 128, 16, 1, 0,
2011, 256, 128, 16, 1, 1,
2012, 256, 128, 16, 1, 2,
2013, 512, 64, 16, 1, 0,
2014, 512, 64, 16, 1, 1,
2015, 512, 64, 16, 1, 2,
2016, 1024, 32, 16, 1, 0,
2017, 1024, 32, 16, 1, 1,
2018, 1024, 32, 16, 1, 2,
2019, 2048, 16, 16, 1, 0,
2020, 2048, 16, 16, 1, 1,
2021, 2048, 16, 16, 1, 2,
2022, 4096, 8, 16, 1, 0,
2023, 4096, 8, 16, 1, 1,
2024, 4096, 8, 16, 1, 2,
2025, 8192, 4, 16, 1, 0,
2026, 8192, 4, 16, 1, 1,
2027, 8192, 4, 16, 1, 2,
2028, 4, 16384, 1, 8, 0,
2029, 4, 16384, 1, 8, 1,
2030, 4, 16384, 1, 8, 2,
2031, 8, 8192, 1, 8, 0,
2032, 8, 8192, 1, 8, 1,
2033, 8, 8192, 1, 8, 2,
2034, 16, 4096, 1, 8, 0,
2035, 16, 4096, 1, 8, 1,
2036, 16, 4096, 1, 8, 2,
2037, 32, 2048, 1, 8, 0,
2038, 32, 2048, 1, 8, 1,
2039, 32, 2048, 1, 8, 2,
2040, 64, 1024, 1, 8, 0,
2041, 64, 1024, 1, 8, 1,
2042, 64, 1024, 1, 8, 2,
2043, 128, 512, 1, 8, 0,
2044, 128, 512, 1, 8, 1,
2045, 128, 512, 1, 8, 2,
2046, 256, 256, 1, 8, 0,
2047, 256, 256, 1, 8, 1,
2048, 256, 256, 1, 8, 2,
2049, 512, 128, 1, 8, 0,
2050, 512, 128, 1, 8, 1,
2051, 512, 128, 1, 8, 2,
2052, 1024, 64, 1, 8, 0,
2053, 1024, 64, 1, 8, 1,
2054, 1024, 64, 1, 8, 2,
2055, 2048, 32, 1, 8, 0,
2056, 2048, 32, 1, 8, 1,
2057, 2048, 32, 1, 8, 2,
2058, 4096, 16, 1, 8, 0,
2059, 4096, 16, 1, 8, 1,
2060, 4096, 16, 1, 8, 2,
2061, 8192, 8, 1, 8, 0,
2062, 8192, 8, 1, 8, 1,
2063, 8192, 8, 1, 8, 2,
2064, 16384, 4, 1, 8, 0,
2065, 16384, 4, 1, 8, 1,
2066, 16384, 4, 1, 8, 2,
2067, 4, 16384, 2, 4, 0,
2068, 4, 16384, 2, 4, 1,
2069, 4, 16384, 2, 4, 2,
2070, 8, 8192, 2, 4, 0,
2071, 8, 8192, 2, 4, 1,
2072, 8, 8192, 2, 4, 2,
2073, 16, 4096, 2, 4, 0,
2074, 16, 4096, 2, 4, 1,
2075, 16, 4096, 2, 4, 2,
2076, 32, 2048, 2, 4, 0,
2077, 32, 2048, 2, 4, 1,
2078, 32, 2048, 2, 4, 2,
2079, 64, 1024, 2, 4, 0,
2080, 64, 1024, 2, 4, 1,
2081, 64, 1024, 2, 4, 2,
2082, 128, 512, 2, 4, 0,
2083, 128, 512, 2, 4, 1,
2084, 128, 512, 2, 4, 2,
2085, 256, 256, 2, 4, 0,
2086, 256, 256, 2, 4, 1,
2087, 256, 256, 2, 4, 2,
2088, 512, 128, 2, 4, 0,
2089, 512, 128, 2, 4, 1,
2090, 512, 128, 2, 4, 2,
2091, 1024, 64, 2, 4, 0,
2092, 1024, 64, 2, 4, 1,
2093, 1024, 64, 2, 4, 2,
2094, 2048, 32, 2, 4, 0,
2095, 2048, 32, 2, 4, 1,
2096, 2048, 32, 2, 4, 2,
2097, 4096, 16, 2, 4, 0,
2098, 4096, 16, 2, 4, 1,
2099, 4096, 16, 2, 4, 2,
2100, 8192, 8, 2, 4, 0,
2101, 8192, 8, 2, 4, 1,
2102, 8192, 8, 2, 4, 2,
2103, 16384, 4, 2, 4, 0,
2104, 16384, 4, 2, 4, 1,
2105, 16384, 4, 2, 4, 2,
2106, 4, 16384, 4, 2, 0,
2107, 4, 16384, 4, 2, 1,
2108, 4, 16384, 4, 2, 2,
2109, 8, 8192, 4, 2, 0,
2110, 8, 8192, 4, 2, 1,
2111, 8, 8192, 4, 2, 2,
2112, 16, 4096, 4, 2, 0,
2113, 16, 4096, 4, 2, 1,
2114, 16, 4096, 4, 2, 2,
2115, 32, 2048, 4, 2, 0,
2116, 32, 2048, 4, 2, 1,
2117, 32, 2048, 4, 2, 2,
2118, 64, 1024, 4, 2, 0,
2119, 64, 1024, 4, 2, 1,
2120, 64, 1024, 4, 2, 2,
2121, 128, 512, 4, 2, 0,
2122, 128, 512, 4, 2, 1,
2123, 128, 512, 4, 2, 2,
2124, 256, 256, 4, 2, 0,
2125, 256, 256, 4, 2, 1,
2126, 256, 256, 4, 2, 2,
2127, 512, 128, 4, 2, 0,
2128, 512, 128, 4, 2, 1,
2129, 512, 128, 4, 2, 2,
2130, 1024, 64, 4, 2, 0,
2131, 1024, 64, 4, 2, 1,
2132, 1024, 64, 4, 2, 2,
2133, 2048, 32, 4, 2, 0,
2134, 2048, 32, 4, 2, 1,
2135, 2048, 32, 4, 2, 2,
2136, 4096, 16, 4, 2, 0,
2137, 4096, 16, 4, 2, 1,
2138, 4096, 16, 4, 2, 2,
2139, 8192, 8, 4, 2, 0,
2140, 8192, 8, 4, 2, 1,
2141, 8192, 8, 4, 2, 2,
2142, 16384, 4, 4, 2, 0,
2143, 16384, 4, 4, 2, 1,
2144, 16384, 4, 4, 2, 2,
2145, 4, 16384, 8, 1, 0,
2146, 4, 16384, 8, 1, 1,
2147, 4, 16384, 8, 1, 2,
2148, 8, 8192, 8, 1, 0,
2149, 8, 8192, 8, 1, 1,
2150, 8, 8192, 8, 1, 2,
2151, 16, 4096, 8, 1, 0,
2152, 16, 4096, 8, 1, 1,
2153, 16, 4096, 8, 1, 2,
2154, 32, 2048, 8, 1, 0,
2155, 32, 2048, 8, 1, 1,
2156, 32, 2048, 8, 1, 2,
2157, 64, 1024, 8, 1, 0,
2158, 64, 1024, 8, 1, 1,
2159, 64, 1024, 8, 1, 2,
2160, 128, 512, 8, 1, 0,
2161, 128, 512, 8, 1, 1,
2162, 128, 512, 8, 1, 2,
2163, 256, 256, 8, 1, 0,
2164, 256, 256, 8, 1, 1,
2165, 256, 256, 8, 1, 2,
2166, 512, 128, 8, 1, 0,
2167, 512, 128, 8, 1, 1,
2168, 512, 128, 8, 1, 2,
2169, 1024, 64, 8, 1, 0,
2170, 1024, 64, 8, 1, 1,
2171, 1024, 64, 8, 1, 2,
2172, 2048, 32, 8, 1, 0,
2173, 2048, 32, 8, 1, 1,
2174, 2048, 32, 8, 1, 2,
2175, 4096, 16, 8, 1, 0,
2176, 4096, 16, 8, 1, 1,
2177, 4096, 16, 8, 1, 2,
2178, 8192, 8, 8, 1, 0,
2179, 8192, 8, 8, 1, 1,
2180, 8192, 8, 8, 1, 2,
2181, 16384, 4, 8, 1, 0,
2182, 16384, 4, 8, 1, 1,
2183, 16384, 4, 8, 1, 2,
2184, 4, 32768, 1, 4, 0,
2185, 4, 32768, 1, 4, 1,
2186, 4, 32768, 1, 4, 2,
2187, 8, 16384, 1, 4, 0,
2188, 8, 16384, 1, 4, 1,
2189, 8, 16384, 1, 4, 2,
2190, 16, 8192, 1, 4, 0,
2191, 16, 8192, 1, 4, 1,
2192, 16, 8192, 1, 4, 2,
2193, 32, 4096, 1, 4, 0,
2194, 32, 4096, 1, 4, 1,
2195, 32, 4096, 1, 4, 2,
2196, 64, 2048, 1, 4, 0,
2197, 64, 2048, 1, 4, 1,
2198, 64, 2048, 1, 4, 2,
2199, 128, 1024, 1, 4, 0,
2200, 128, 1024, 1, 4, 1,
2201, 128, 1024, 1, 4, 2,
2202, 256, 512, 1, 4, 0,
2203, 256, 512, 1, 4, 1,
2204, 256, 512, 1, 4, 2,
2205, 512, 256, 1, 4, 0,
2206, 512, 256, 1, 4, 1,
2207, 512, 256, 1, 4, 2,
2208, 1024, 128, 1, 4, 0,
2209, 1024, 128, 1, 4, 1,
2210, 1024, 128, 1, 4, 2,
2211, 2048, 64, 1, 4, 0,
2212, 2048, 64, 1, 4, 1,
2213, 2048, 64, 1, 4, 2,
2214, 4096, 32, 1, 4, 0,
2215, 4096, 32, 1, 4, 1,
2216, 4096, 32, 1, 4, 2,
2217, 8192, 16, 1, 4, 0,
2218, 8192, 16, 1, 4, 1,
2219, 8192, 16, 1, 4, 2,
2220, 16384, 8, 1, 4, 0,
2221, 16384, 8, 1, 4, 1,
2222, 16384, 8, 1, 4, 2,
2223, 32768, 4, 1, 4, 0,
2224, 32768, 4, 1, 4, 1,
2225, 32768, 4, 1, 4, 2,
2226, 4, 32768, 2, 2, 0,
2227, 4, 32768, 2, 2, 1,
2228, 4, 32768, 2, 2, 2,
2229, 8, 16384, 2, 2, 0,
2230, 8, 16384, 2, 2, 1,
2231, 8, 16384, 2, 2, 2,
2232, 16, 8192, 2, 2, 0,
2233, 16, 8192, 2, 2, 1,
2234, 16, 8192, 2, 2, 2,
2235, 32, 4096, 2, 2, 0,
2236, 32, 4096, 2, 2, 1,
2237, 32, 4096, 2, 2, 2,
2238, 64, 2048, 2, 2, 0,
2239, 64, 2048, 2, 2, 1,
2240, 64, 2048, 2, 2, 2,
2241, 128, 1024, 2, 2, 0,
2242, 128, 1024, 2, 2, 1,
2243, 128, 1024, 2, 2, 2,
2244, 256, 512, 2, 2, 0,
2245, 256, 512, 2, 2, 1,
2246, 256, 512, 2, 2, 2,
2247, 512, 256, 2, 2, 0,
2248, 512, 256, 2, 2, 1,
2249, 512, 256, 2, 2, 2,
2250, 1024, 128, 2, 2, 0,
2251, 1024, 128, 2, 2, 1,
2252, 1024, 128, 2, 2, 2,
2253, 2048, 64, 2, 2, 0,
2254, 2048, 64, 2, 2, 1,
2255, 2048, 64, 2, 2, 2,
2256, 4096, 32, 2, 2, 0,
2257, 4096, 32, 2, 2, 1,
2258, 4096, 32, 2, 2, 2,
2259, 8192, 16, 2, 2, 0,
2260, 8192, 16, 2, 2, 1,
2261, 8192, 16, 2, 2, 2,
2262, 16384, 8, 2, 2, 0,
2263, 16384, 8, 2, 2, 1,
2264, 16384, 8, 2, 2, 2,
2265, 32768, 4, 2, 2, 0,
2266, 32768, 4, 2, 2, 1,
2267, 32768, 4, 2, 2, 2,
2268, 4, 32768, 4, 1, 0,
2269, 4, 32768, 4, 1, 1,
2270, 4, 32768, 4, 1, 2,
2271, 8, 16384, 4, 1, 0,
2272, 8, 16384, 4, 1, 1,
2273, 8, 16384, 4, 1, 2,
2274, 16, 8192, 4, 1, 0,
2275, 16, 8192, 4, 1, 1,
2276, 16, 8192, 4, 1, 2,
2277, 32, 4096, 4, 1, 0,
2278, 32, 4096, 4, 1, 1,
2279, 32, 4096, 4, 1, 2,
2280, 64, 2048, 4, 1, 0,
2281, 64, 2048, 4, 1, 1,
2282, 64, 2048, 4, 1, 2,
2283, 128, 1024, 4, 1, 0,
2284, 128, 1024, 4, 1, 1,
2285, 128, 1024, 4, 1, 2,
2286, 256, 512, 4, 1, 0,
2287, 256, 512, 4, 1, 1,
2288, 256, 512, 4, 1, 2,
2289, 512, 256, 4, 1, 0,
2290, 512, 256, 4, 1, 1,
2291, 512, 256, 4, 1, 2,
2292, 1024, 128, 4, 1, 0,
2293, 1024, 128, 4, 1, 1,
2294, 1024, 128, 4, 1, 2,
2295, 2048, 64, 4, 1, 0,
2296, 2048, 64, 4, 1, 1,
2297, 2048, 64, 4, 1, 2,
2298, 4096, 32, 4, 1, 0,
2299, 4096, 32, 4, 1, 1,
2300, 4096, 32, 4, 1, 2,
2301, 8192, 16, 4, 1, 0,
2302, 8192, 16, 4, 1, 1,
2303, 8192, 16, 4, 1, 2,
2304, 16384, 8, 4, 1, 0,
2305, 16384, 8, 4, 1, 1,
2306, 16384, 8, 4, 1, 2,
2307, 32768, 4, 4, 1, 0,
2308, 32768, 4, 4, 1, 1,
2309, 32768, 4, 4, 1, 2,
2310, 4, 65536, 1, 2, 0,
2311, 4, 65536, 1, 2, 1,
2312, 4, 65536, 1, 2, 2,
2313, 8, 32768, 1, 2, 0,
2314, 8, 32768, 1, 2, 1,
2315, 8, 32768, 1, 2, 2,
2316, 16, 16384, 1, 2, 0,
2317, 16, 16384, 1, 2, 1,
2318, 16, 16384, 1, 2, 2,
2319, 32, 8192, 1, 2, 0,
2320, 32, 8192, 1, 2, 1,
2321, 32, 8192, 1, 2, 2,
2322, 64, 4096, 1, 2, 0,
2323, 64, 4096, 1, 2, 1,
2324, 64, 4096, 1, 2, 2,
2325, 128, 2048, 1, 2, 0,
2326, 128, 2048, 1, 2, 1,
2327, 128, 2048, 1, 2, 2,
2328, 256, 1024, 1, 2, 0,
2329, 256, 1024, 1, 2, 1,
2330, 256, 1024, 1, 2, 2,
2331, 512, 512, 1, 2, 0,
2332, 512, 512, 1, 2, 1,
2333, 512, 512, 1, 2, 2,
2334, 1024, 256, 1, 2, 0,
2335, 1024, 256, 1, 2, 1,
2336, 1024, 256, 1, 2, 2,
2337, 2048, 128, 1, 2, 0,
2338, 2048, 128, 1, 2, 1,
2339, 2048, 128, 1, 2, 2,
2340, 4096, 64, 1, 2, 0,
2341, 4096, 64, 1, 2, 1,
2342, 4096, 64, 1, 2, 2,
2343, 8192, 32, 1, 2, 0,
2344, 8192, 32, 1, 2, 1,
2345, 8192, 32, 1, 2, 2,
2346, 16384, 16, 1, 2, 0,
2347, 16384, 16, 1, 2, 1,
2348, 16384, 16, 1, 2, 2,
2349, 32768, 8, 1, 2, 0,
2350, 32768, 8, 1, 2, 1,
2351, 32768, 8, 1, 2, 2,
2352, 65536, 4, 1, 2, 0,
2353, 65536, 4, 1, 2, 1,
2354, 65536, 4, 1, 2, 2,
2355, 4, 65536, 2, 1, 0,
2356, 4, 65536, 2, 1, 1,
2357, 4, 65536, 2, 1, 2,
2358, 8, 32768, 2, 1, 0,
2359, 8, 32768, 2, 1, 1,
2360, 8, 32768, 2, 1, 2,
2361, 16, 16384, 2, 1, 0,
2362, 16, 16384, 2, 1, 1,
2363, 16, 16384, 2, 1, 2,
2364, 32, 8192, 2, 1, 0,
2365, 32, 8192, 2, 1, 1,
2366, 32, 8192, 2, 1, 2,
2367, 64, 4096, 2, 1, 0,
2368, 64, 4096, 2, 1, 1,
2369, 64, 4096, 2, 1, 2,
2370, 128, 2048, 2, 1, 0,
2371, 128, 2048, 2, 1, 1,
2372, 128, 2048, 2, 1, 2,
2373, 256, 1024, 2, 1, 0,
2374, 256, 1024, 2, 1, 1,
2375, 256, 1024, 2, 1, 2,
2376, 512, 512, 2, 1, 0,
2377, 512, 512, 2, 1, 1,
2378, 512, 512, 2, 1, 2,
2379, 1024, 256, 2, 1, 0,
2380, 1024, 256, 2, 1, 1,
2381, 1024, 256, 2, 1, 2,
2382, 2048, 128, 2, 1, 0,
2383, 2048, 128, 2, 1, 1,
2384, 2048, 128, 2, 1, 2,
2385, 4096, 64, 2, 1, 0,
2386, 4096, 64, 2, 1, 1,
2387, 4096, 64, 2, 1, 2,
2388, 8192, 32, 2, 1, 0,
2389, 8192, 32, 2, 1, 1,
2390, 8192, 32, 2, 1, 2,
2391, 16384, 16, 2, 1, 0,
2392, 16384, 16, 2, 1, 1,
2393, 16384, 16, 2, 1, 2,
2394, 32768, 8, 2, 1, 0,
2395, 32768, 8, 2, 1, 1,
2396, 32768, 8, 2, 1, 2,
2397, 65536, 4, 2, 1, 0,
2398, 65536, 4, 2, 1, 1,
2399, 65536, 4, 2, 1, 2,
2400, 4, 131072, 1, 1, 0,
2401, 4, 131072, 1, 1, 1,
2402, 4, 131072, 1, 1, 2,
2403, 8, 65536, 1, 1, 0,
2404, 8, 65536, 1, 1, 1,
2405, 8, 65536, 1, 1, 2,
2406, 16, 32768, 1, 1, 0,
2407, 16, 32768, 1, 1, 1,
2408, 16, 32768, 1, 1, 2,
2409, 32, 16384, 1, 1, 0,
2410, 32, 16384, 1, 1, 1,
2411, 32, 16384, 1, 1, 2,
2412, 64, 8192, 1, 1, 0,
2413, 64, 8192, 1, 1, 1,
2414, 64, 8192, 1, 1, 2,
2415, 128, 4096, 1, 1, 0,
2416, 128, 4096, 1, 1, 1,
2417, 128, 4096, 1, 1, 2,
2418, 256, 2048, 1, 1, 0,
2419, 256, 2048, 1, 1, 1,
2420, 256, 2048, 1, 1, 2,
2421, 512, 1024, 1, 1, 0,
2422, 512, 1024, 1, 1, 1,
2423, 512, 1024, 1, 1, 2,
2424, 1024, 512, 1, 1, 0,
2425, 1024, 512, 1, 1, 1,
2426, 1024, 512, 1, 1, 2,
2427, 2048, 256, 1, 1, 0,
2428, 2048, 256, 1, 1, 1,
2429, 2048, 256, 1, 1, 2,
2430, 4096, 128, 1, 1, 0,
2431, 4096, 128, 1, 1, 1,
2432, 4096, 128, 1, 1, 2,
2433, 8192, 64, 1, 1, 0,
2434, 8192, 64, 1, 1, 1,
2435, 8192, 64, 1, 1, 2,
2436, 16384, 32, 1, 1, 0,
2437, 16384, 32, 1, 1, 1,
2438, 16384, 32, 1, 1, 2,
2439, 32768, 16, 1, 1, 0,
2440, 32768, 16, 1, 1, 1,
2441, 32768, 16, 1, 1, 2,
2442, 65536, 8, 1, 1, 0,
2443, 65536, 8, 1, 1, 1,
2444, 65536, 8, 1, 1, 2,
2445, 131072, 4, 1, 1, 0,
2446, 131072, 4, 1, 1, 1,
2447, 131072, 4, 1, 1, 2,
